"DATUM_CODE","DATUM_NAME","DATUM_TYPE","ORIGIN_DESCRIPTION","REALIZATION_EPOCH","ELLIPSOID_CODE","PRIME_MERIDIAN_CODE","AREA_OF_USE_CODE","DATUM_SCOPE","REMARKS","INFORMATION_SOURCE","DATA_SOURCE","REVISION_DATE","CHANGE_ID","DEPRECATED"
5100,Mean Sea Level,vertical,,,,,1262,Hydrography.,"msl has geographic and temporal components.  Users are advised to not use this generic vertical datum but to define specific instances of msl based on knowledge of these components; for instance ""msl at xxx during 19yy"".",,EPSG,1996-04-12 00:00:00,,0
5101,Ordnance Datum Newlyn,vertical,,,,,1264,"Topographic mapping, geodesy.",,,EPSG,1996-10-18 00:00:00,,0
5102,National Geodetic Vertical Datum 1929,vertical,26 tide gauges in the US and Canada.,1929,,,1323,"Topographic mapping, geodesy.",,,EPSG,1996-09-12 00:00:00,,0
5103,North American Vertical Datum 1988,vertical,"Father's Point, Rimouski, Quebec.",1988,,,1325,"Topographic mapping, geodesy.",,,EPSG,1996-09-12 00:00:00,,0
5104,Yellow Sea 1956,vertical,2 years tide readings at Qingdao.,1956,,,1067,"Topographic mapping, geodesy.",Superseded by Yellow Sea 1985 datum.,,EPSG,2002-06-22 00:00:00,2002.16,0
5105,Baltic Sea,vertical,Average water level at Kronshtadt,,,,1284,"Topographic mapping, geodesy.",,,EPSG,1996-09-12 00:00:00,,0
5106,Caspian Sea,vertical,Defined as -28.0m Baltic datum,,,,1291,Hydrography.,,,EPSG,1996-09-12 00:00:00,,0
5107,Nivellement general de la France,vertical,Mean sea level at Marseille,,,,1326,"Topographic mapping, geodesy.",The CNIG states that NGF is a general term applying to all vertical network readjustments of France and recommends more specific terminology. See codes 5118-5120.,"Conseil National de l'Information Geographique groupe de travail ""Reseaux de Nivellement"" recommendations v5.1 April 1994.",EPSG,1996-09-12 00:00:00,,1
5109,Normaal Amsterdams Peil,vertical,,,,,1172,"Topographic mapping, geodesy, hydrography.",,Nederlandse Commissie voor Geodesie publication 30; 1993,EPSG,1996-09-12 00:00:00,,0
5110,Oostende,vertical,Mean low water during 1958,1958,,,1044,"Topographic mapping, geodesy.",,Nederlandse Commissie voor Geodesie publication 30; 1993,EPSG,1996-09-12 00:00:00,,0
5111,Australian Height Datum,vertical,MSL 1966-68 at 30 gauges around coast.,1968,,,1281,"Topographic mapping, geodesy.",,http://www.auslig.gov.au/geodesy,EPSG,1996-09-12 00:00:00,,0
5112,Australian Height Datum (Tasmania),vertical,MSL 1972 at Hobart and Burnie.,1972,,,1282,"Topographic mapping, geodesy.",,,EPSG,1996-09-12 00:00:00,,0
5113,Sea Level,vertical,,,,,1262,Hydrography.,An unspecified local vertical datum not recommended for use.,,EPSG,1996-09-12 00:00:00,,0
5114,Canadian Vertical Datum of 1928,vertical,,1928,,,1289,"Topographic mapping, geodesy.",,,EPSG,1996-12-12 00:00:00,,0
5115,Piraeus Harbour 1986,vertical,MSL determined during 1986.,1986,,,1106,"Topographic mapping, geodesy.",,Geodesy Department; Public Pertoleum Corporation of Greece,EPSG,1997-06-16 00:00:00,,0
5116,Helsinki 1960,vertical,MSL at Helsinki during 1960.,1960,,,1095,"Topographic mapping, geodesy.",,www.nls.fi/maa/papers/kkj.html,EPSG,1997-07-22 00:00:00,,0
5117,Rikets hoghtsystem 1970,vertical,,1970,,,1225,"Topographic mapping, geodesy.",,National Land Survey of Sweden,EPSG,1997-11-13 00:00:00,,0
5118,Nivellement general de la France - Lalle,vertical,Mean sea level at Marseille.,,,,1326,"Geodesy, topographic mapping, engineering survey.",,"Conseil National de l'Information Geographique groupe de travail ""Reseaux de Nivellement"" recommendations v5.1 April 1994.",EPSG,1997-11-13 00:00:00,2001.47,0
5119,Nivellement general de la France - IGN69,vertical,Mean sea level at Marseille.,1969,,,1326,"Geodesy, topographic mapping, engineering survey.",,"Conseil National de l'Information Geographique groupe de travail ""Reseaux de Nivellement"" recommendations v5.1 April 1994.",EPSG,1997-11-13 00:00:00,2001.47,0
5120,Nivellement general de la France - IGN78,vertical,,1978,,,1327,"Geodesy, topographic mapping, engineering survey.",,"Conseil National de l'Information Geographique groupe de travail ""Reseaux de Nivellement"" recommendations v5.1 April 1994.",EPSG,1997-11-13 00:00:00,2001.47,0
5121,Maputo,vertical,Mean sea level at Maputo.,,,,1167,Topographic mapping.,,Direcção Nacional de Geografia e Cadastral (DINAGECA).,EPSG,1998-04-16 00:00:00,,0
5122,Japanese Standard Levelling Datum 1949,vertical,24.4140 metres above mean sea level Tokyo Bay.,1949,,,1129,"Topographic mapping, geodesy.",,Ministry of Construction; Japan.  http://vldb.gsi.go.jp/sokuchi/datum/tokyodatum.html,EPSG,2002-06-22 00:00:00,2002.08,0
5123,PDO Height Datum 1993,vertical,,1993,,,1183,Oil industry mapping.,Misclosure between Muscat and Salalah less than .5 meters with differences from of up to 5 meters from old Fahud Datum.  The PHD93 adjustment was initially known as the Spine.  Supercedes Fahud Vertical Datum (Code 5124) from 1993.,Petroleum Development Oman,EPSG,1999-04-22 00:00:00,,0
5124,Fahud Height Datum,vertical,,,,,1183,Oil industry mapping.,Superceded by PHD93 Datum (Code 5123) in 1993.  Based on reciprocal trigonometric heighting based on single MSL determination at Mina Al Fahal.,Petroleum Development Oman,EPSG,1999-04-22 00:00:00,,0
5125,Ha Tien 1960,vertical,,1960,,,1302,"Topographic mapping, geodesy.",In Vietnam replaced by Hon Dau in 1992.,,EPSG,1999-10-20 00:00:00,,0
5126,Hon Dau 1992,vertical,,1992,,,1252,"Topographic mapping, geodesy.",Supersedes Ha Tien in Vietnam.,,EPSG,1999-10-20 00:00:00,,0
5127,Landesnivellement 1902,vertical,Origin at Repere Pierre du Niton (RPN) 373.6 metres above msl derived at Marseille.,1902,,,1286,"Topographic mapping, geodesy.",,Bundesamt für Landestopographie,EPSG,1999-10-20 00:00:00,,0
5128,Landeshohennetz 1995,vertical,Origin at Repere Pierre du Niton (RPN) 373.6 metres above msl derived at Marseille.,1995,,,1286,"Geodesy, cadastre, topographic mapping, engineering survey.",,Bundesamt für Landestopographie,EPSG,1999-10-20 00:00:00,,0
5129,European Vertical Reference Frame 2000,vertical,Geopotential number at Normaal Amsterdams Peil is zero.,2000,,,1299,Geodesy.,Realised by geopotential numbers and normal heights of the United European Levelling Network.,,EPSG,2000-10-19 00:00:00,,0
5130,Malin Head,vertical,Mean sea level between January 1960 and December 1969.,1970,,,1305,Topographic mapping,,Ordnance Survey Ireland,EPSG,2001-11-06 00:00:00,,0
5131,Belfast,vertical,"Mean sea level between 1951 and 1956 at Clarendon Dock, Belfast.",1957,,,2530,Large scale topographic mapping,,Ordnance Survey Northern Ireland,EPSG,2001-11-06 00:00:00,,0
5132,Dansk Normal Nul,vertical,,,,,1080,Topographic mapping and engineering survey,,Kort & Matrikelstyrelsen,EPSG,2001-11-06 00:00:00,,0
5133,AIOC 1995,vertical,Average level of Caspian Sea at the Oil Rocks tide gauge June-September 1995.,1995,,,2592,Oil industry mapping.,AIOC 1995 datum is 1.7m above Caspian datum and 26.3m below Baltic datum.,BP,EPSG,2002-02-12 00:00:00,,0
5134,Black Sea,vertical,,,,,1102,Hydrographic surveying and since break-up of Former Soviet Union also topographic mapping.,Black Sea datum is 0.4m below Baltic datum.,BP,EPSG,2002-02-12 00:00:00,,0
5135,Hong Kong Principal Datum,vertical,"1.23m below the mean of 19 years (1965-83) observations of tide levels at North Point, Victoria Harbour.",1980,,,1118,"Geodesy, engineering survey, cadastre.",,"Survey and Mapping Office, Lands Department. Http://www.info.gov.hk/landsd/mapping/tindex.htm",EPSG,2002-06-22 00:00:00,,0
5136,Hong Kong Chart Datum,vertical,Approximates to Lowest Astronomic Tide level (LAT).,,,,1118,Hydrographic survey and charting.,Chart datum is 0.15 metres below Hong Kong Principal Datum (code 5135) and 1.38m below MSL at Quarry Bay.,"Survey and Mapping Office, Lands Department. Http://www.info.gov.hk/landsd/mapping/tindex.htm",EPSG,2002-06-22 00:00:00,,0
5137,Yellow Sea 1985,vertical,20 years tide readings at Qingdao.,1985,,,1067,"Topographic mapping, geodesy.",Supersedes Yellow Sea 1956 datum.,Guangdong Province Land Resource Information Centre,EPSG,2002-06-22 00:00:00,,0
6001,Not specified (based on Airy 1830 ellipsoid),geodetic,,,7001,8901,1263,Not a valid datum.,Included for coordinate reference systems where datum is unknown.,EPSG,EPSG,2000-05-03 00:00:00,96.08  2000.42,0
6002,Not specified (based on Airy Modified 1849 ellipsoid),geodetic,,,7002,8901,1263,Not a valid datum.,Included for coordinate reference systems where datum is unknown.,EPSG,EPSG,2000-05-03 00:00:00,96.08  2000.42,0
6003,Not specified (based on Australian National Spheroid),geodetic,,,7003,8901,1263,Not a valid datum.,Included for coordinate reference systems where datum is unknown.,EPSG,EPSG,2000-05-03 00:00:00,96.08  2000.42,0
6004,Not specified (based on Bessel 1841 ellipsoid),geodetic,,,7004,8901,1263,Not a valid datum.,Included for coordinate reference systems where datum is unknown.,EPSG,EPSG,2000-05-03 00:00:00,96.08  2000.42,0
6005,Not specified (based on Bessel Modified ellipsoid),geodetic,,,7005,8901,1263,Not a valid datum.,Included for coordinate reference systems where datum is unknown.,EPSG,EPSG,2000-05-03 00:00:00,96.08  2000.42,0
6006,Not specified (based on Bessel Namibia ellipsoid),geodetic,,,7046,8901,1263,Not a valid datum.,Included for coordinate reference systems where datum is unknown.,EPSG,EPSG,2001-01-21 00:00:00,96.08  2000.42  2001.15,0
6007,Not specified (based on Clarke 1858 ellipsoid),geodetic,,,7007,8901,1263,Not a valid datum.,Included for coordinate reference systems where datum is unknown.,EPSG,EPSG,2000-05-03 00:00:00,96.08  2000.42,0
6008,Not specified (based on Clarke 1866 ellipsoid),geodetic,,,7008,8901,1263,Not a valid datum.,Included for coordinate reference systems where datum is unknown.,EPSG,EPSG,2000-05-03 00:00:00,96.08  2000.42,0
6009,Not specified (based on Clarke 1866 Michigan ellipsoid),geodetic,,,7009,8901,1263,Not a valid datum.,Included for coordinate reference systems where datum is unknown.,EPSG,EPSG,2000-05-03 00:00:00,96.08  2000.42,0
6010,Not specified (based on Clarke 1880 (Benoit) ellipsoid),geodetic,,,7010,8901,1263,Not a valid datum.,Included for coordinate reference systems where datum is unknown.,EPSG,EPSG,2000-05-03 00:00:00,96.08  2000.42,0
6011,Not specified (based on Clarke 1880 (IGN) ellipsoid),geodetic,,,7011,8901,1263,Not a valid datum.,Included for coordinate reference systems where datum is unknown.,EPSG,EPSG,2000-05-03 00:00:00,96.08  2000.42,0
6012,Not specified (based on Clarke 1880 (RGS) ellipsoid),geodetic,,,7012,8901,1263,Not a valid datum.,Included for coordinate reference systems where datum is unknown.,EPSG,EPSG,2000-05-03 00:00:00,96.08  2000.42,0
6013,Not specified (based on Clarke 1880 (Arc) ellipsoid),geodetic,,,7013,8901,1263,Not a valid datum.,Included for coordinate reference systems where datum is unknown.,EPSG,EPSG,2000-05-03 00:00:00,96.08  2000.42,0
6014,Not specified (based on Clarke 1880 (SGA 1922) ellipsoid),geodetic,,,7014,8901,1263,Not a valid datum.,Included for coordinate reference systems where datum is unknown.,EPSG,EPSG,2000-05-03 00:00:00,96.08  2000.42,0
6015,Not specified (based on Everest 1830 (1937 Adjustment) ellipsoid),geodetic,,,7015,8901,1263,Not a valid datum.,Included for coordinate reference systems where datum is unknown.,EPSG,EPSG,2000-05-03 00:00:00,96.08  2000.42,0
6016,Not specified (based on Everest 1830 (1967 Definition) ellipsoid),geodetic,,,7016,8901,1263,Not a valid datum.,Included for coordinate reference systems where datum is unknown.,EPSG,EPSG,2000-05-03 00:00:00,96.08  2000.42,0
6018,Not specified (based on Everest 1830 Modified ellipsoid),geodetic,,,7018,8901,1263,Not a valid datum.,Included for coordinate reference systems where datum is unknown.,EPSG,EPSG,2000-05-03 00:00:00,96.08  2000.42,0
6019,Not specified (based on GRS 1980 ellipsoid),geodetic,,,7019,8901,1263,Not a valid datum.,Included for coordinate reference systems where datum is unknown.,EPSG,EPSG,2000-05-03 00:00:00,96.08  2000.42,0
6020,Not specified (based on Helmert 1906 ellipsoid),geodetic,,,7020,8901,1263,Not a valid datum.,Included for coordinate reference systems where datum is unknown.,EPSG,EPSG,2000-05-03 00:00:00,96.08  2000.42,0
6021,Not specified (based on Indonesian National Spheroid),geodetic,,,7021,8901,1263,Not a valid datum.,Included for coordinate reference systems where datum is unknown.,EPSG,EPSG,2000-05-03 00:00:00,96.08  2000.42,0
6022,Not specified (based on International 1924 ellipsoid),geodetic,,,7022,8901,1263,Not a valid datum.,Included for coordinate reference systems where datum is unknown.,EPSG,EPSG,2000-05-03 00:00:00,96.08  2000.42,0
6024,Not specified (based on Krassowsky 1940 ellipsoid),geodetic,,,7024,8901,1263,Not a valid datum.,Included for coordinate reference systems where datum is unknown.,EPSG,EPSG,2000-05-03 00:00:00,96.08  2000.42,0
6025,Not specified (based on NWL 9D ellipsoid),geodetic,,,7025,8901,1263,Not a valid datum.,Included for coordinate reference systems where datum is unknown.,EPSG,EPSG,2000-05-03 00:00:00,96.08  2000.42,0
6027,Not specified (based on Plessis 1817 ellipsoid),geodetic,,,7027,8901,1263,Not a valid datum.,Included for coordinate reference systems where datum is unknown.,EPSG,EPSG,2000-05-03 00:00:00,96.08  2000.42,0
6028,Not specified (based on Struve 1860 ellipsoid),geodetic,,,7028,8901,1263,Not a valid datum.,Included for coordinate reference systems where datum is unknown.,EPSG,EPSG,2000-05-03 00:00:00,96.08  2000.42,0
6029,Not specified (based on War Office ellipsoid),geodetic,,,7029,8901,1263,Not a valid datum.,Included for coordinate reference systems where datum is unknown.,EPSG,EPSG,2000-05-03 00:00:00,96.08  2000.42,0
6030,Not specified (based on WGS 84 ellipsoid),geodetic,,,7030,8901,1263,Not a valid datum.,Included for coordinate reference systems where datum is unknown.,EPSG,EPSG,2000-05-03 00:00:00,96.08  2000.42,0
6031,Not specified (based on GEM 10C ellipsoid),geodetic,,,7031,8901,1263,Not a valid datum.,Included for coordinate reference systems where datum is unknown.,EPSG,EPSG,2000-05-03 00:00:00,96.08  2000.42,0
6032,Not specified (based on OSU86F ellipsoid),geodetic,,,7032,8901,1263,Not a valid datum.,Included for coordinate reference systems where datum is unknown.,EPSG,EPSG,2000-05-03 00:00:00,96.08  2000.42,0
6033,Not specified (based on OSU91A ellipsoid),geodetic,,,7033,8901,1263,Not a valid datum.,Included for coordinate reference systems where datum is unknown.,EPSG,EPSG,2000-05-03 00:00:00,96.08  2000.42,0
6034,Not specified (based on Clarke 1880 ellipsoid),geodetic,,,7034,8901,1263,Not a valid datum.,Included for coordinate reference systems where datum is unknown.,EPSG,EPSG,2000-05-03 00:00:00,96.08  2000.42,0
6035,Not specified (based on Authalic Sphere),geodetic,,,7035,8901,1263,Not a valid datum.,Included for coordinate reference systems where datum is unknown. Deprecated and superseded by 6047.,EPSG,EPSG,2001-06-05 00:00:00,96.08  2000.42,1
6036,Not specified (based on GRS 1967 ellipsoid),geodetic,,,7036,8901,1263,Not a valid datum.,Included for coordinate reference systems where datum is unknown.,EPSG,EPSG,2000-05-03 00:00:00,2000.42,0
6041,Not specified (based on Average Terrestrial System 1977 ellipsoid),geodetic,,,7041,8901,1263,Not a valid datum.,Included for coordinate reference systems where datum is unknown.,EPSG,EPSG,2000-05-03 00:00:00,2000.42,0
6042,Not specified (based on Everest (1830 Definition) ellipsoid),geodetic,,,7042,8901,1263,Not a valid datum.,Included for coordinate reference systems where datum is unknown.,EPSG,EPSG,2000-05-03 00:00:00,2000.42,0
6043,Not specified (based on WGS 72 ellipsoid),geodetic,,,7043,8901,1263,Not a valid datum.,Included for coordinate reference systems where datum is unknown.,EPSG,EPSG,2000-05-03 00:00:00,2000.42,0
6044,Not specified (based on Everest 1830 (1962 Definition) ellipsoid),geodetic,,,7044,8901,1263,Not a valid datum.,Included for coordinate reference systems where datum is unknown.,EPSG,EPSG,2000-05-03 00:00:00,2000.42,0
6045,Not specified (based on Everest 1830 (1975 Definition) ellipsoid),geodetic,,,7045,8901,1263,Not a valid datum.,Included for coordinate reference systems where datum is unknown.,EPSG,EPSG,2000-05-03 00:00:00,2000.42,0
6047,Not specified (based on GRS 1980 Authalic Sphere),geodetic,,,7047,8901,1263,Not a valid datum.,Included for coordinate reference systems where datum is unknown.,EPSG,EPSG,2001-06-25 00:00:00,2001.19,0
6120,Greek,geodetic,Fundamental point: Athens Observatory; latitude 37 deg 58 min 20.132 sec N; longitude 23 deg 42 min 58.815 sec E of Greenwich,,7004,8901,1106,Topographic mapping.,See geodetic datum alias 6404.  Used as basis of topographic mapping based on Hatt projection.,Topography Department; National Technical University of Athens,EPSG,1997-06-16 00:00:00,,0
6121,Greek Geodetic Reference System 1987,geodetic,Fundamental point: Dionysos; latitude 38 deg 04 min 33.8 sec N; longitude 23 deg 55 min 51.0 sec E of Greenwich; geoid height 7.0 m.,1987,7019,8901,1106,Topographic mapping.,Superseded (old) Greek datum.  Oil industry work based on ED50.,L. Portokalakis; Public Petroleum Corporation of Greece,EPSG,1997-06-16 00:00:00,,0
6122,Average Terrestrial System 1977,geodetic,,1977,7041,8901,1283,Topographic mapping.,In use from 1979.  To be phased out in late 1990's.,New Brunswick Geographic Information Corporation land and water information standards manual.,EPSG,1997-07-02 00:00:00,,0
6123,Kartasto Koordinaati Jarjestelma 1966,geodetic,Adjustment with fundamental point SF31 based on ED50 transformed to best fit the older VVJ adjustment.,1966,7022,8901,1095,"Geodesy, cadastre, topographic mapping, engineering survey.",Adopted in 1970.,www.nls.fi/maa/papers/kkj.html,EPSG,1997-07-22 00:00:00,,0
6124,Rikets koordinatsystem 1990,geodetic,,1982,7004,8901,1225,"Geodesy, cadastre, topographic mapping, engineering survey.",Supersedes RT38 adjustment (datum code 6308),National Land Survey of Sweden,EPSG,1997-11-13 00:00:00,,0
6125,Samboja,geodetic,Original origin station P2 Exc now destroyed.  Extensions recomputed using Toran station T9 as origin.,,7004,8901,1328,Topographic mapping.,,Total Indonesia.,EPSG,1997-11-13 00:00:00,,1
6126,Lithuania 1994 (ETRS89),geodetic,Densification from 4  ETRS89 points.,1994,7019,8901,1145,"Topographic mapping, geodesy.",Densification of ETRS89 during the 1992 Baltic campaign.,HNIT-Baltic GeoInfoServisas,EPSG,1998-03-12 00:00:00,,0
6127,Tete,geodetic,Fundamental point: Tete.,,7008,8901,1167,Topographic mapping.,,Mozambique Direcção Nacional de Geografia e Cadastral (DINAGECA).,EPSG,1998-04-16 00:00:00,,0
6128,Madzansua,geodetic,Fundamental point: Madzansua.,,7008,8901,1315,Topographic mapping.,Superseded by transformation to Tete datum (datum code 6127).,Mozambique Direcção Nacional de Geografia e Cadastral (DINAGECA).,EPSG,1998-04-16 00:00:00,,0
6129,Observatario,geodetic,Fundamental point: Maputo observatory.,,7008,8901,1329,Topographic mapping.,Superseded by transformation to Tete datum (datum code 6127).,Mozambique Direcção Nacional de Geografia e Cadastral (DINAGECA).,EPSG,1998-04-16 00:00:00,,0
6130,Moznet (ITRF94),geodetic,ITRF 1994 epoch 20,,7030,8901,1167,Topographic mapping.,,Mozambique Direcção Nacional de Geografia e Cadastral (DINAGECA).,EPSG,1998-04-16 00:00:00,,0
6131,Indian 1960,geodetic,,,7015,8901,1302,Topographic mapping.,DMA adjustment of IndoChina part of the Indian 1954 network to better fit local geoid.  Also known as Indian (DMA Reduced).,,EPSG,1998-11-11 00:00:00,,0
6132,Final Datum 1958,geodetic,Fundamental point: Maniyur.  Latitude: 31 deg 23 min 59.19 sec N; Longitude: 48 deg 32 min 31.38 sec E (of Greenwich).,,7012,8901,1300,Oil industry mapping.,Network included in Nahrwan 1967 adjustment.,IOEPC records,EPSG,1998-11-11 00:00:00,,0
6133,Estonia 1992,geodetic,Densification from 4  ETRS89 points.,1992,7019,8901,1090,"Topographic mapping, geodesy.",Based on ETRS89 as established during the 1992 Baltic campaign. Superseded by Estonia 1997 adjustment (code 6180).,http://www.geo.ut.ee/~raivo/estcoord.html,EPSG,1998-12-14 00:00:00,,0
6134,PDO Survey Datum 1993,geodetic,Adjustment best fitted to Fahud network.,1993,7012,8901,1183,Oil industry mapping.,Supersedes Fahud datum (code 6232). Maximum differences to Fahud adjustment are 20 metres.,Petroleum Development Oman,EPSG,1999-04-22 00:00:00,,0
6135,Old Hawaiian,geodetic,Fundamental Point: Oahu West Base Astro.  Latitude: 21 deg 18 min 13.89 sec N; longitude 157 deg 50 min 55.79 sec W (of Greenwich),,7008,8901,1334,Topographic mapping.,Hawaiian Islands were never on NAD27 but rather on Old Hawaiian Datum.  NADCON conversion program provides transformation from Old Hawaiian Datum to NAD83 (original 1986 realization) but making the transformation appear to user as if from NAD27.,http://www.ngs.noaa.gov/ (NADCON readme file) and the NIMA publication http://164.214.2.59/publications/guides/Datum_Pamphlet/datum.html,EPSG,1999-05-24 00:00:00,,0
6136,St. Lawrence Island,geodetic,,,7008,8901,1332,Topographic mapping.,Many Alaskan islands were never on NAD27 but rather on independent datums.  NADCON conversion program provides transformation from St. Lawrence Island Datum to NAD83 (original 1986 realization) - making the transformation appear to user as if from NAD27.,http://www.ngs.noaa.gov/ (NADCON readme file),EPSG,1999-05-24 00:00:00,,0
6137,St. Paul Island,geodetic,,,7008,8901,1333,Topographic mapping.,Many Alaskan islands were never on NAD27 but rather on independent datums.  NADCON conversion program provides transformation from St. Paul Island Datum to NAD83 (original 1986 realization) - making the transformation appear to user as if from NAD27.,http://www.ngs.noaa.gov/ (NADCON readme file),EPSG,1999-05-24 00:00:00,,0
6138,St. George Island,geodetic,,,7008,8901,1331,Topographic mapping.,Many Alaskan islands were never on NAD27 but rather on independent datums.  NADCON conversion program provides transformation from St. George Island Datum to NAD83 (original 1986 realization) - making the transformation appear to user as if from NAD27.,http://www.ngs.noaa.gov/ (NADCON readme file),EPSG,1999-05-24 00:00:00,,0
6139,Puerto Rico,geodetic,,,7008,8901,1335,Topographic mapping.,NADCON conversion program provides transformation from Puerto Rico Datum to NAD83 (original 1986 realization) but making the transformation appear to user as if from NAD27.,Ordnance Survey of Great Britain and http://www.ngs.noaa.gov/ (NADCON readme file).,EPSG,1999-05-24 00:00:00,,0
6140,NAD83 Canadian Spatial Reference System,geodetic,,1998,7019,8901,1336,Geodesy.,Supersedes ATS77 from 1999 in New Brunswick.,Service New Brunswick Land and Information Standards Manual,EPSG,1999-10-20 00:00:00,,0
6141,Israel,geodetic,Fundamental Point:  Latitude: 31 deg 44 min 03.817 sec N; Longitude: 35 deg 12 min 16.261 sec E (of Greenwich).,,7019,8901,2603,Topographic mapping.,,Survey of Israel.,EPSG,2002-06-22 00:00:00,2002.34,0
6142,Locodjo 1965,geodetic,Fundamental Point: T5 Banco. Latitude: 5 deg 18 min 50.5 sec N; Longitude: 4 deg 02 min 05.1 sec W (of Greenwich).,1965,7012,8901,1075,Topographic mapping.,,IGN Paris.,EPSG,1999-10-20 00:00:00,,0
6143,Abidjan 1987,geodetic,Fundamental Point: Abidjan I. Latitude: 5 deg 18 min 51.01 sec N; Longitude: 4 deg 02 min 06.04 sec W (of Greenwich).,1987,7012,8901,1075,Topographic mapping.,,IGN Paris.,EPSG,1999-10-20 00:00:00,,0
6144,Kalianpur 1937,geodetic,Fundamental Point: Kalianpur. Latitude: 24 deg  07 min 11.260 sec N; Longitude: 77 deg 39 min 17.570 sec E (of Greenwich).,1937,7015,8901,1308,Topographic mapping.,Supersedes 1880 adjustment except for topographic mapping.  Superseded in Pakistan by 1962 metrication conversion and in India by 1975 metrication conversion.,"G. Bomford; ""The Re-adjustment of the Indian Triangulation""; Survey of India Professional Paper 28; 1939.",EPSG,1999-10-20 00:00:00,,0
6145,Kalianpur 1962,geodetic,Fundamental Point: Kalianpur. Latitude: 24 deg  07 min 11.260 sec N; Longitude: 77 deg 39 min 17.570 sec E (of Greenwich).,1962,7044,8901,1184,Topographic mapping.,1937 adjustment rescaled by ratio metric conversions of Indian foot (1937) to Indian foot (1962).,,EPSG,1999-10-20 00:00:00,,0
6146,Kalianpur 1975,geodetic,Fundamental Point: Kalianpur. Latitude: 24 deg  07 min 11.260 sec N; Longitude: 77 deg 39 min 17.570 sec E (of Greenwich).,1975,7045,8901,1121,Topographic mapping.,1937 adjustment rescaled by ratio metric conversions of Indian foot (1937) to Indian foot (1975).,,EPSG,1999-10-20 00:00:00,,0
6147,Hanoi 1972,geodetic,,1972,7024,8901,1252,"Geodesy, cadastre, topographic mapping, engineering survey.",,PetroVietnam,EPSG,1999-10-20 00:00:00,,0
6148,Hartebeesthoek94,geodetic,Coincident with ITRF91 (1994.0) at Hartebeesthoek astronomical observatory near Pretoria.,1994,7030,8901,1215,"Geodesy, cadastre, topographic mapping, engineering survey.",Supersedes Cape datum (code 6222).,Directorate of Surveys and Mapping; http://w3sli.wcape.gov.za/surveys/mapping/wgs84.htm,EPSG,2000-01-06 00:00:00,99.96,0
6149,CH1903,geodetic,Fundamental Point: Old Bern observatory. Latitude: 46 deg 57 min  8.660 sec N; Longitude: 7 deg 26 min 22.500 sec E (of Greenwich).,1903,7004,8901,1286,Topographic mapping.,,Bundesamt für Landestopographie,EPSG,1999-10-20 00:00:00,,0
6150,CH1903+,geodetic,Fundamental Point: Zimmerwald observatory.,,7004,8901,1286,"Geodesy, topographic mapping.",,Bundesamt für Landestopographie.  Aufbau der Landesvermessung der Schweiz 'LV95' Teil 3: Terrestrische Bezugssysteme und Bezugsrahmen. L+T 1999.,EPSG,2001-11-06 00:00:00,2001.52,0
6151,Swiss Terrestrial Reference Frame 1995,geodetic,ETRF89 at 1993.0,1995,7019,8901,1286,"Geodesy, cadastre, topographic mapping, engineering survey.",,Bundesamt für Landestopographie.  Aufbau der Landesvermessung der Schweiz 'LV95' Teil 3: Terrestrische Bezugssysteme und Bezugsrahmen. L+T 1999.,EPSG,1999-10-20 00:00:00,,0
6152,NAD83 (High Accuracy Regional Network),geodetic,,,7019,8901,1337,Geodesy.,,National Geodetic Survey,EPSG,1999-10-20 00:00:00,,0
6153,Rassadiran,geodetic,Fundamental Point: Total1. Latitude: 27 deg 31 min 07.784 sec N; Longitude: 52 deg 36 min 12.741 sec E (of Greenwich).,,7022,8901,1338,Oil industry mapping.,,Total-Fina,EPSG,1999-11-20 00:00:00,,0
6154,European Datum 1950(1977),geodetic,Extension of ED50 over Iran.,1977,7022,8901,1123,Topographic mapping.,Sometimes referred to as ED50-ED77.,National Cartographic Centre of Iran,EPSG,1999-11-20 00:00:00,,0
6155,Dabola 1981,geodetic,,1981,7011,8901,1112,Topographic mapping.,,IGN Paris,EPSG,1999-12-09 00:00:00,,0
6156,Jednotne Trigonometricke Site Katastralni,geodetic,"Modification of Austrian MGI datum, code 6312.",,7004,8901,1306,"Geodesy, cadastre, topographic mapping, engineering survey.",S-JTSK = System of the Unified Trigonometrical Cadastral Network.,Research Institute for Geodesy Topography and Cartography (VUGTK); Prague.,EPSG,2001-11-06 00:00:00,2001.26  2001.51,0
6157,Mount Dillon,geodetic,Fundamental Point: Mount Dillon triangulation station. Latitude: 11 deg  15 min 07.843 sec N; Longitude: 60 deg 41 min 09.632 sec W (of Greenwich).,,7007,8901,1322,Topographic mapping.,,University of the West Indies Geodetic Services.,EPSG,2000-03-07 00:00:00,,0
6158,Naparima 1955,geodetic,Fundamental Point: Naparima. Latitude: 10 deg 16 min 44.860 sec N; Longitude: 61 deg 27 min 34.620 sec W (of Greenwich).,1955,7022,8901,1339,Topographic mapping.,Naparima 1972 is an extension of the Naparima 1955 network of Trinidad to include Tobago.,Ordnance Survey International.,EPSG,2000-03-07 00:00:00,,0
6159,European Libyan Datum 1979,geodetic,,1979,7022,8901,1143,Topographic mapping.,,Brown and Root,EPSG,2000-03-07 00:00:00,,0
6160,Chos Malal 1914,geodetic,Chos Malal police station.,1914,7022,8901,1292,Oil industry mapping.,Also known as Quini-Huao.  Superseded by Campo Inchauspe (code 6221).,Various oil company records.,EPSG,2000-03-07 00:00:00,,0
6161,Pampa del Castillo,geodetic,,,7022,8901,1265,Oil industry mapping.,Used in Comodoro Rivadavia area.  Superseded by Campo Inchauspe (code 6221).,Various oil company records.,EPSG,2000-03-07 00:00:00,,0
6162,Korean Datum 1985,geodetic,Fundamental point: Suwon; latitude 37 deg 16 min 31.9034 sec N; longitude 127 deg 03 min 05.1451 sec E of Greenwich.,1985,7004,8901,1135,Topographic mapping.,,Clifford J. Mugnier; in Photogrammetric Engineering & Remote Sensing November 1999. http://www.asprs.org/resources.html,EPSG,2000-03-07 00:00:00,2001.28,0
6163,Yemen National Geodetic Network 1996,geodetic,Sana'a IGN reference marker,1996,7030,8901,1257,Topographic mapping.,,IGN Paris,EPSG,2000-03-07 00:00:00,,0
6164,South Yemen,geodetic,,,7024,8901,1340,Topographic mapping.,,IGN Paris,EPSG,2000-03-07 00:00:00,,0
6165,Bissau,geodetic,,,7022,8901,1113,Topographic mapping.,,NIMA TR8350.2,EPSG,2000-03-07 00:00:00,,0
6166,Korean Datum 1995,geodetic,,1995,7030,8901,1135,Topographic mapping.,,NIMA TR8350.2  ftp://164.214.2.65/pub/gg/tr8350.2/changes.pdf,EPSG,2000-05-08 00:00:00,,0
6167,New Zealand Geodetic Datum 2000,geodetic,Based on ITRF96 epoch 2000.0,2000,7019,8901,1175,"Geodesy, cadastre, topographic mapping, engineering survey.",,Land Information New Zealand.,EPSG,2000-10-19 00:00:00,,0
6168,Accra,geodetic,Fundamental Point: GCS Station 547. Latitude: 5 deg 23 min 43.3 sec N; Longitude: 0 deg 11 min 52.3 sec W (of Greenwich).,,7029,8901,1104,Topographic mapping.,Superseded in 1978 by Leigon datum (code 6250).,Ordnance Survey International,EPSG,2000-10-12 00:00:00,,0
6169,American Samoa 1962,geodetic,,1962,7008,8901,1027,Topographic mapping.,,NIMA TR8350.2 revision of January 2000,EPSG,2000-10-19 00:00:00,,0
6170,Sistema de Referencia Geocentrico para America del Sur,geodetic,ITRF94 epoch 1995.42.,1995,7019,8901,1342,Geodesy.,Realised by a frame of 58 stations observed in 1995 and adjusted in the ITRF94.,NIMA TR8350.2 revision of January 2000.,EPSG,2000-10-19 00:00:00,,0
6171,Reseau Geodesique Francais 1993,geodetic,Coincident with ETRS89,1993,7019,8901,1096,Geodesy.,,TotalFinaElf,EPSG,2001-11-06 00:00:00,2001.51,0
6172,Posiciones Geodesicas Argentinas,geodetic,,1994,7019,8901,1033,"Topographic mapping, geodesy.","Una red geodésica de 127 puntos materializados
en el terreno que definen el Sistema Geodésico Nacional.  [A geodetic network of 127 points defining the National Geodetic System.] Superseded by POSGAR98 (code 6190).",http://www.igm.gov.ar/posgar.html,EPSG,2000-10-19 00:00:00,,1
6173,IRENET95,geodetic,ETRS89 stations in Ireland,1995,7019,8901,1305,Geodesy.,Densification of ETRS89,Ordnance Survey of Ireland,EPSG,2000-10-19 00:00:00,,0
6174,Sierra Leone Colony 1924,geodetic,Fundamental Point: Kortright. Latitude: 8 deg 28 min 44.4 sec N; Longitude: 13 deg 13 min 03.81 sec W (of Greenwich).,1924,7029,8901,1342,"Topographic mapping, engineering survey.",,Ordnance Survey International.,EPSG,2001-06-05 00:00:00,,0
6175,Sierra Leone 1968,geodetic,Fundamental Point: SLX2 Astro. Latitude: 8 deg 27 min 17.567 sec N; Longitude: 12 deg 49 min 40.186 sec W (of Greenwich).,1968,7012,8901,1209,"Topographic mapping, engineering survey.",Extension and readjustment with additional observations of 1960 network.  Coordinates of 1960 stations change by less than 3 metres.,Ordnance Survey International.,EPSG,2001-06-05 00:00:00,,0
6176,Australian Antarctic Datum 1998,geodetic,,1998,7019,8901,1278,Topographic mapping.,,Standards Australia,ISO 19127,2001-06-05 00:00:00,,0
6178,Pulkovo 1942/83,geodetic,Fundamental Point: Pulkovo observatory. Latitude: 59 deg 46 min 18.550 sec N; Longitude: 30 deg 19 min 42.090 sec E (of Greenwich).,1983,7024,8901,1343,"Geodesy, cadastre, topographic mapping, engineering survey.",International adjustment of Uniforrm Astro-Geodetic Network of countries of central and eastern Europe.,Bundesamt für Kartographie und Geodäsie via EuroGeographics; http://crs.ifag.de/,EPSG,2001-06-05 00:00:00,,0
6179,Pulkovo 1942/58,geodetic,Fundamental Point: Pulkovo observatory. Latitude: 59 deg 46 min 18.550 sec N; Longitude: 30 deg 19 min 42.090 sec E (of Greenwich).,1958,7024,8901,1192,"Geodesy, cadastre, topographic mapping, engineering survey.",,Glowny Urzad Geodezji i Kartografii via EuroGeographics; http://crs.ifag.de/,EPSG,2001-06-05 00:00:00,,0
6180,Estonia 1997,geodetic,Densification of ETRS89 during EUREF-ESTONIA97 campaign through transformation from ITRF96 epoch 1997.56.,1997,7019,8901,1090,"Geodesy, cadastre, topographic mapping, engineering survey.",Supersedes Estonia 1992 adjustment (code 6133).,Estonian National Land Board via EuroGeographics; http://crs.ifag.de/,EPSG,2001-06-05 00:00:00,,0
6181,Luxembourg 1930,geodetic,Northern station of Habay-la-Neuve baseline in Belgium.,1930,7022,8901,1146,"Geodesy, cadastre, topographic mapping, engineering survey.",,Administration du Cadastre et de la Topographie via EuroGeographics; http://crs.ifag.de/,EPSG,2001-06-05 00:00:00,,0
6182,Azores Occidental Islands 1939,geodetic,Fundamental Point: Observatario Meteorologico Flores.,1939,7022,8901,1344,Topographic mapping.,,Instituto Geografico e Cadastral Lisbon via EuroGeographics; http://crs.ifag.de/,EPSG,2001-06-05 00:00:00,,0
6183,Azores Central Islands 1948,geodetic,Fundamental Point: Graciosa west base.,1948,7022,8901,1301,Topographic mapping.,,Instituto Geografico e Cadastral Lisbon via EuroGeographics; http://crs.ifag.de/,EPSG,2002-07-13 00:00:00,2002.25,0
6184,Azores Oriental Islands 1940,geodetic,Fundamental Point: Forte de São Bras.,1940,7022,8901,1345,Topographic mapping.,,Instituto Geografico e Cadastral Lisbon via EuroGeographics; http://crs.ifag.de/,EPSG,2001-06-05 00:00:00,,0
6185,Madeira 1936,geodetic,Fundamental Point: Madeira SE Base.,1936,7022,8901,1314,Topographic mapping.,,Instituto Geografico e Cadastral Lisbon via EuroGeographics; http://crs.ifag.de/,EPSG,2001-06-05 00:00:00,,1
6188,OSNI 1952,geodetic,Position fixed to the coordinates from the 19th century Principle Triangulation of station Divis. Scale and orientation controlled by position of Principle Triangulation stations Knocklayd and Trostan.,1952,7001,8901,2530,Geodesy and topographic mapping.,Superseded by 1975 Mapping Adjustment.,Ordnance Survey of Northern Ireland.,EPSG,2001-11-06 00:00:00,,0
6189,Red Geodesica Venezolana,geodetic,Realised by a frame of 67 stations observed in 1995 as a densification of the SIRGAS campaign and adjusted in the ITRF94.,2000,7019,8901,1251,Geodesy.,,Servicio Autonomo de Geografia y Cartografia Nacional.,EPSG,2001-06-11 00:00:00,,0
6190,Posiciones Geodesicas Argentinas 1998,geodetic,Densification of SIRGAS 1995; ITRF94 epoch 1995.42.,1998,7019,8901,1033,"Topographic mapping, geodesy.",Una red geodésica de 127 puntos materializados en el terreno que definen el Sistema Geodésico Nacional.  [A geodetic network of 127 points defining the National Geodetic System.] Supersedes the 1994 POSGAR adjustment (code 6172).,http://www.igm.gov.ar/posgar.html,EPSG,2001-11-06 00:00:00,,0
6191,Albanian 1987,geodetic,,1987,7024,8901,1025,"Geodesy, cadastre, topographic mapping, engineering survey.",,EuroGeographics; http://crs.ifag.de/,EPSG,2001-11-06 00:00:00,,0
6192,Douala 1948,geodetic,"South pillar of Doula base; 4deg 00min 40.64sec N, 9deg 42min 30.41sec E",1948,7022,8901,1060,Topographic mapping.,Superseded  by Manoca 1962 datum (code 6193).,TotalFinaElf,EPSG,2002-01-18 00:00:00,,0
6193,Manoca 1962,geodetic,"Reservoir centre at the  Manoca tower (""tube Suel""), 3deg 51min 49.896sec N, 9deg 36min 49.347sec E.",1962,7011,8901,1060,Topographic mapping.,The intent of the Bukavu 1953 conference was to adopt the Clarke 1880 (RGN) ellipsoid (code 7012) but in practice this datum has used the IGN version.  Supersedes Douala 1948 (code 6192).,TotalFinaElf,EPSG,2002-01-18 00:00:00,,0
6194,Qornoq 1927,geodetic,,1927,7022,8901,1107,Topographic mapping.,,"Kort & Matrikelstyrelsen, Copenhagen.",EPSG,2002-01-18 00:00:00,,0
6195,Scoresbysund 1952,geodetic,,1952,7022,8901,2570,Topographic mapping.,,"Kort & Matrikelstyrelsen, Copenhagen.",EPSG,2002-01-18 00:00:00,,0
6196,Ammassalik 1958,geodetic,,1958,7022,8901,2571,Topographic mapping.,,"Kort & Matrikelstyrelsen, Copenhagen.",EPSG,2002-01-18 00:00:00,,0
6197,Garoua,geodetic,IGN astronomical station and benchmark no. 16 at Tongo; 8deg 55min 08.74sec N  13deg 30min 43.19sec E.,,7012,8901,2590,Topographic mapping.,,TotalFinaElf,EPSG,2002-02-12 00:00:00,,0
6198,Kousseri,geodetic,IGN astronomical station Dabanga; 11deg 55min 05.9sec N  14deg 38min 40.8sec E.,,7012,8901,2591,Topographic mapping.,,TotalFinaElf,EPSG,2002-02-12 00:00:00,,0
6199,Egypt 1930,geodetic,Fundamental Point: Station F1. Latitude: 30 deg 01 min 42.86 sec N; Longitude: 31 deg 16 min 37.05 sec E (of Greenwich).,1930,7022,8901,1086,Used for scientific purposes only.,"Note that Egypt 1930 uses the International 1924 ellipsoid, unlike the Egypt 1907 datum (code 6229) which uses the Helmert ellipsoid. Oil industry references to the Egypt 1930 datum name and the Helmert ellipsoid probably mean Egypt 1907 datum.",,EPSG,2002-02-12 00:00:00,,0
6200,Pulkovo 1995,geodetic,Fundamental Point: Pulkovo observatory. Latitude: 59 deg 46 min 15.359 sec N; Longitude: 30 deg 19 min 28.318 sec E (of Greenwich).,1995,7024,8901,1198,Scientific adjustment.,,"""Main Terms of Reference for the State Geodetic Network""; Federal Geodetic Service of Russia; 1994",EPSG,1996-09-12 00:00:00,,0
6201,Adindan,geodetic,Fundamental Point: Station 15; Adindan. Latitude: 22 deg 10 min  7.110 sec N; Longitude: 31 deg 29 min 21.608 sec E (of Greenwich).,,7012,8901,1271,Topographic mapping.,,,EPSG,1995-06-02 00:00:00,,0
6202,Australian Geodetic Datum 1966,geodetic,Fundamental Point: Johnson Memorial. Latitude: 25 deg 56 min 54.551 sec S; Longitude: 133 deg 12 min 30.077 sec E (of Greenwich).,1966,7003,8901,1279,Topographic mapping.,,Australian Map Grid Technical Manual. National Mapping Council of Australia Technical Publication 7; 1972.,EPSG,1995-06-02 00:00:00,,0
6203,Australian Geodetic Datum 1984,geodetic,,1984,7003,8901,1280,Topographic mapping.,,,EPSG,1995-06-02 00:00:00,,0
6204,Ain el Abd 1970,geodetic,Fundamental Point: Ain El Abd.  Latitude: 28 deg  14 min 06.171 sec N; Longitude: 48 deg 16 min 20.906 sec E (of Greenwich).,1970,7022,8901,1272,Topographic mapping.,,,EPSG,1995-06-02 00:00:00,,0
6205,Afgooye,geodetic,,,7024,8901,1214,Topographic mapping.,,,EPSG,1995-06-02 00:00:00,,0
6206,Agadez,geodetic,,,7011,8901,1177,Topographic mapping.,,,EPSG,1995-06-02 00:00:00,,0
6207,Lisbon 1937,geodetic,Fundamental Point: Castelo Sao Jorge; Lisbon. Latitude: 38 deg 42 min 43.631 sec N; Longitude: 9 deg 07 min 54.862 sec W (of Greenwich).,1937,7022,8901,1294,Topographic mapping.,Supersedes Lisbon 1890 adjustment (which used Bessel 1841 ellipsoid).,Instituto Geografico e Cadastral; Lisbon,EPSG,1995-06-02 00:00:00,2001.551,0
6208,Aratu,geodetic,,,7022,8901,1274,Oil industry geodetic purposes.,,,EPSG,1995-06-02 00:00:00,,0
6209,Arc 1950,geodetic,Fundamental Point: Buffelsfontein. Latitude: 33 deg 59 min 32.000 sec S; Longitude: 25 deg 30 min 44.622 sec E (of Greenwich).,1950,7013,8901,1276,"Topographic mapping, geodesy.",,,EPSG,1995-06-02 00:00:00,,0
6210,Arc 1960,geodetic,Fundamental Point: Buffelsfontein. Latitude: 33 deg 59 min 32.000 sec S; Longitude: 25 deg 30 min 44.622 sec E (of Greenwich).,1960,7012,8901,1277,"Topographic mapping, geodesy.",,,EPSG,1995-06-02 00:00:00,,0
6211,Batavia,geodetic,Fundamental Point: Longitude at Batavia Astro. Station. Latitude: 6 deg  7 min 39.520 sec S; Longitude: 106 deg 48 min 27.790 sec E (of Greenwich). Latitude and azimuth at Genuk.,,7004,8901,1285,Topographic mapping.,,,EPSG,1995-06-02 00:00:00,,0
6212,Barbados 1938,geodetic,Fundamental point: HMS Challenger astro station M1; latitude 13 deg 04 min 32.53 sec N; longitude 59 deg 36 min 29.34 sec W (of Greenwich).,1938,7012,8901,1042,Topographic mapping.,,Ordnance Survey of Great Britain.,EPSG,1999-04-22 00:00:00,99.171,0
6213,Beduaram,geodetic,,,7011,8901,1177,Topographic mapping.,,,EPSG,1995-06-02 00:00:00,,0
6214,Beijing 1954,geodetic,,1954,7024,8901,1067,Topographic mapping.,,,EPSG,1995-06-02 00:00:00,,0
6215,Reseau National Belge 1950,geodetic,Fundamental Point: Lommel (tower). Latitude: 51 deg 13 min 47.334 sec N; Longitude: 0 deg 56 min 44.773 sec E (of Brussels).,1950,7022,8901,1347,Topographic mapping.,,,EPSG,1995-06-02 00:00:00,,0
6216,Bermuda 1957,geodetic,,1957,7008,8901,1047,Topographic mapping.,,,EPSG,1995-06-02 00:00:00,,0
6218,Bogota 1975,geodetic,Fundamental Point: Bogota observatory. Latitude: 4 deg 35 min 56.570 sec N; Longitude: 74 deg  4 min 51.300 sec W (of Greenwich).,1975,7022,8901,1070,Topographic mapping.,Supersedes 1951 adjustment.,"Instituto Geografico Agustin Caduzzi (IGAC) special publication no. 1, 4th edition (1975) ""Geodesia: Resultados Definitvos de Parte de las Redes Geodesicas Establecidas en el Pais"".",EPSG,2000-10-19 00:00:00,2000.20,0
6219,Bukit Rimpah,geodetic,2deg 00min 40.16sec S  105deg 51min 39.76sec E (of Greenwich).,,7004,8901,1287,Topographic mapping.,,,EPSG,1995-06-02 00:00:00,,0
6220,Camacupa,geodetic,,,7012,8901,1288,Coastal hydrography.,,,EPSG,1995-06-02 00:00:00,,0
6221,Campo Inchauspe,geodetic,Fundamental Point: Campo Inchauspe. Latitude: 35 deg 58 min 17.000 sec S; Longitude: 62 deg 10 min 12.000 sec W (of Greenwich).,,7022,8901,1033,Topographic mapping.,,,EPSG,1995-06-02 00:00:00,,0
6222,Cape,geodetic,Fundamental Point: Buffelsfontein. Latitude: 33 deg 59 min 32.000 sec S; Longitude: 25 deg 30 min 44.622 sec E (of Greenwich).,,7013,8901,1290,"Geodesy, cadastre, topographic mapping, engineering survey.",,"Private Communication, Directorate of Surveys and Land Information, Cape Town.",EPSG,1996-10-18 00:00:00,96.25  99.69,0
6223,Carthage,geodetic,,,7011,8901,1236,Topographic mapping.,,,EPSG,1995-06-02 00:00:00,,0
6224,Chua,geodetic,Fundamental Point: Chua. Latitude: 19 deg 45 min 41.160 sec S; Longitude: 48 deg  6 min  7.560 sec W (of Greenwich).,,7022,8901,1053,Topographic mapping.,,,EPSG,1995-06-02 00:00:00,,0
6225,Corrego Alegre,geodetic,Fundamental Point: Corrego Alegre. Latitude: 19 deg 50 min 15.140 sec S; Longitude: 48 deg 57 min 42.750 sec W (of Greenwich).,,7022,8901,1293,"Topographic mapping, geodesy.",,,EPSG,1995-06-02 00:00:00,,0
6226,Cote d'Ivoire,geodetic,,,7011,8901,1075,Topographic mapping.,,,EPSG,1995-06-02 00:00:00,2001.11,1
6227,Deir ez Zor,geodetic,Fundamental Point: Trig. 254 Deir. Latitude: 35 deg 21 min 49.975 sec N; Longitude: 40 deg  5 min 46.770 sec E (of Greenwich).,,7011,8901,1623,Topographic mapping.,,,EPSG,1995-06-02 00:00:00,,0
6228,Douala,geodetic,,,7011,8901,1060,Topographic mapping.,,,EPSG,1995-06-02 00:00:00,,1
6229,Egypt 1907,geodetic,Fundamental Point: Station F1. Latitude: 30 deg 01 min 42.86 sec N; Longitude: 31 deg 16 min 33.60 sec E (of Greenwich).,1907,7020,8901,1086,"Geodesy, cadastre, topographic mapping, engineering survey.",,,EPSG,1995-06-02 00:00:00,,0
6230,European Datum 1950,geodetic,Fundamental Point: Potsdam (Helmert Tower). Latitude: 52 deg 22 min 51.4456 sec N; Longitude: 13 deg  3 min 58.9283 sec E (of Greenwich).,1950,7022,8901,1296,"Topographic mapping, geodesy.",,,EPSG,1995-06-02 00:00:00,,0
6231,European Datum 1987,geodetic,,1987,7022,8901,2420,Scientific network.,,,EPSG,1995-06-02 00:00:00,,0
6232,Fahud,geodetic,Fundamental Point: Station NO68-024 Fahud. Latitude: 22 deg 17 min 31.182 sec N; Longitude: 56 deg 29 min 18.820 sec E (of Greenwich).,,7012,8901,1183,Oil industry mapping.,Superseded by PSD93 (code 6134).,Petroleum Development Oman.,EPSG,1995-06-02 00:00:00,,0
6233,Gandajika 1970,geodetic,,1970,7022,8901,1152,Topographic mapping.,,,EPSG,1995-06-02 00:00:00,,0
6234,Garoua,geodetic,,,7011,8901,1060,Topographic mapping.,The intent of the Bukavu 1953 conference was to adopt the Clarke 1880 (RGN) ellipsoid (code 7012) but in practice this datum has used the IGN version.,,EPSG,1995-06-02 00:00:00,,1
6235,Guyane Francaise,geodetic,,,7022,8901,1097,Topographic mapping.,,,EPSG,1995-06-02 00:00:00,,0
6236,Hu Tzu Shan,geodetic,,,7022,8901,1228,Topographic mapping.,,,EPSG,1995-06-02 00:00:00,,0
6237,Hungarian Datum 1972,geodetic,"Fundamental Point: Szolohegy. Latitude: 47 deg 17 min 32,6156 sec N; Longitude 19 deg 36 min 09.9865 sec E; geoid height 6.56m.",1972,7036,8901,1119,Topographic mapping.,,http://lazarus.elte.hu/gb/geodez/geod3.htm,EPSG,1996-10-18 00:00:00,96.09,0
6238,Indonesian Datum 1974,geodetic,"Fundamental Point: Padang. Latitude: 0 deg 56 min 38.414 sec S; Longitude: 100 deg 22 min  8.804 sec E (of Greenwich). Ellipsoidal height 3.190m, gravity-related height 14.0m above mean sea level.",1974,7021,8901,1122,Topographic mapping.,,Bakosurtanal 1979 paper by Jacob Rais.,EPSG,2002-06-22 00:00:00,2002.151,0
6239,Indian 1954,geodetic,Fundamental Point: Kalianpur. Latitude: 24 deg  07 min 11.260 sec N; Longitude: 77 deg 39 min 17.570 sec E (of Greenwich).,1954,7015,8901,1304,Topographic mapping.,,,EPSG,1995-06-02 00:00:00,,0
6240,Indian 1975,geodetic,Fundamental Point: Khau Sakaerang,1975,7015,8901,1231,Topographic mapping.,,,EPSG,1995-06-02 00:00:00,,0
6241,Jamaica 1875,geodetic,Fundamental Point: Fort Charles Flagstaff. Latitude: 17 deg 55 min 55.800 sec N; Longitude: 76 deg 56 min 37.260 sec W (of Greenwich).,1875,7034,8901,1128,Topographic mapping.,,,EPSG,1995-06-02 00:00:00,,0
6242,Jamaica 1969,geodetic,Fundamental Point: Fort Charles Flagstaff. Latitude: 17 deg 55 min 55.800 sec N; Longitude: 76 deg 56 min 37.260 sec W (of Greenwich).,1969,7008,8901,1128,"Geodesy, cadastre, topographic mapping, engineering survey.",,,EPSG,1995-06-02 00:00:00,,0
6243,Kalianpur 1880,geodetic,Fundamental Point: Kalianpur. Latitude: 24 deg  07 min 11.260 sec N; Longitude: 77 deg 39 min 17.570 sec E (of Greenwich).,1880,7042,8901,1307,Topographic mapping.,Includes 1916 extrension into Burma (Myanmar).  Superseded by 1937 adjustment.,"G. Bomford; ""The Re-adjustment of the Indian Triangulation""; Survey of India Professional Paper 28; 1939.",EPSG,1999-10-20 00:00:00,97.23,0
6244,Kandawala,geodetic,,,7015,8901,1218,Topographic mapping.,,,EPSG,1995-06-02 00:00:00,,0
6245,Kertau,geodetic,Fundamental Point: Kertau. Latitude: 3 deg 27 min 50.710 sec N; Longitude: 102 deg 37 min 24.550 sec E (of Greenwich).,,7018,8901,1309,Topographic mapping.,,,EPSG,1995-06-02 00:00:00,,0
6246,Kuwait Oil Company,geodetic,,,7012,8901,1136,Oil industry mapping.,,,EPSG,1995-06-02 00:00:00,,0
6247,La Canoa,geodetic,Fundamental Point: La Canoa. Latitude: 8 deg 34 min 17.170 sec N; Longitude: 63 deg 51 min 34.880 sec W (of Greenwich).,,7022,8901,1251,"Geodesy, topographic mapping, engineering survey.",Origin also adopted for PSAD56.,,EPSG,1995-06-02 00:00:00,,0
6248,Provisional South American Datum 1956,geodetic,Fundamental Point: La Canoa. Latitude: 8 deg 34 min 17.170 sec N; Longitude: 63 deg 51 min 34.880 sec W (of Greenwich).,1956,7022,8901,1348,Topographic mapping.,Same origin as La Canoa datum.,,EPSG,1995-06-02 00:00:00,,0
6249,Lake,geodetic,Fundamental Point: Maracaibo Cathedral. Latitude: 10 deg 38 min 34.678 sec N; Longitude: 71 deg 36 min 20.224 sec W (of Greenwich).,,7022,8901,1312,Oil industry mapping.,,,EPSG,1995-06-02 00:00:00,,0
6250,Leigon,geodetic,"Fundamental Point: GCS Station 121, Leigon. Latitude: 5 deg 38 min 52.27 sec N; Longitude: 0 deg 11 min 46.08 sec W (of Greenwich).",,7012,8901,1104,Topographic mapping.,Superseded Accra datum (code 6168) from 1978.  Coordinates at Leigon fundamental point defined as Accra datum values for that point.,Ordnance Survey International,EPSG,1995-06-02 00:00:00,,0
6251,Liberia 1964,geodetic,,1964,7012,8901,1142,Topographic mapping.,,,EPSG,1995-06-02 00:00:00,,0
6252,Lome,geodetic,,,7011,8901,1232,Topographic mapping.,,,EPSG,1995-06-02 00:00:00,,0
6253,Luzon 1911,geodetic,Fundamental Point: Balacan. Latitude: 13 deg 33 min 41.000 sec N; Longitude: 121 deg 52 min  03.000 sec E (of Greenwich).,1911,7008,8901,1190,Topographic mapping.,,,EPSG,1995-06-02 00:00:00,,0
6254,Hito XVIII 1963,geodetic,Chile-Argentina boundary survey.,1963,7022,8901,1303,Geodesy.,Used in Tierra del Fuego.,Various oil company records.,EPSG,1995-06-02 00:00:00,,0
6255,Herat North,geodetic,,,7022,8901,1024,Topographic mapping.,,,EPSG,1995-06-02 00:00:00,,0
6256,Mahe 1971,geodetic,Fundamental Point: Mahe,1971,7012,8901,1208,Topographic mapping.,,,EPSG,1995-06-02 00:00:00,,0
6257,Makassar,geodetic,Fundamental Point: Moncongloe,,7004,8901,1316,Topographic mapping.,,,EPSG,1995-06-02 00:00:00,,0
6258,European Terrestrial Reference System 1989,geodetic,,1989,7019,8901,1298,Geodesy.,"Coincides with WGS84 at the one metre level.
The distinction in usage between ETRF89 and ETRS89 is confused: although in principle conceptually different in practice both are used for the realisation.",,EPSG,2000-10-19 00:00:00,97.11  97.55  99.111 2000.72,0
6259,Malongo 1987,geodetic,Fundamental Point: Station Y at Malongo base camp. Latitude: 5 deg 23 min 34.327 sec S; Longitude: 12 deg 12 min  02.393 sec E (of Greenwich).,1987,7022,8901,1317,Oil industry mapping.,Offshore extension of Mhast datum (6264) using Transit translocation.,Chevron Petroleum Technology.,EPSG,1995-06-02 00:00:00,,0
6260,Manoca,geodetic,,,7012,8901,1060,Topographic mapping.,,,EPSG,1995-06-02 00:00:00,,1
6261,Merchich,geodetic,"Fundamental Point: Merchich. Latitude: 33° 26' 59.672"" N; Longitude: 7° 33' 27.295""  W (of Greenwich).",1922,7011,8901,1166,Topographic mapping.,,,EPSG,1995-06-02 00:00:00,,0
6262,Massawa,geodetic,,,7004,8901,1089,Topographic mapping.,,,EPSG,1995-06-02 00:00:00,,0
6263,Minna,geodetic,Fundamental Point: Minna base station L40. Latitude: 9 deg 38 min  09.000 sec N; Longitude: 6 deg 30 min 59.000 sec E (of Greenwich).,,7012,8901,1178,Topographic mapping.,,,EPSG,1995-06-02 00:00:00,,0
6264,Mhast,geodetic,,,7022,8901,1318,Coastal hydrography.,,,EPSG,1995-06-02 00:00:00,,0
6265,Monte Mario,geodetic,Fundamental Point: Monte Mario. Latitude: 41 deg 55 min 25.510 sec N; Longitude: 0 deg  00 min  00.000 sec E (of Rome).,,7022,8901,1127,Topographic mapping.,,,EPSG,1995-06-02 00:00:00,,0
6266,M'poraloko,geodetic,,,7011,8901,1100,Topographic mapping.,,,EPSG,1995-06-02 00:00:00,,0
6267,North American Datum 1927,geodetic,Fundamental Point: Meade's Ranch. Latitude: 39 deg 13 min 26.686 sec N; Longitude: 98 deg 32 min 30.506 sec W (of Greenwich).,1927,7008,8901,1349,Topographic mapping.,Superseded by North American Datum 1983 (NAD83),,EPSG,1995-06-02 00:00:00,,0
6268,NAD Michigan,geodetic,Fundamental Point: Meade's Ranch. Latitude: 39 deg 13 min 26.686 sec N; Longitude: 98 deg 32 min 30.506 sec W (of Greenwich).,,7009,8901,1391,Topographic mapping.,,,EPSG,1995-06-02 00:00:00,,0
6269,North American Datum 1983,geodetic,Origin at geocentre.,1986,7019,8901,1350,Topographic mapping.,,,EPSG,1995-06-02 00:00:00,,0
6270,Nahrwan 1967,geodetic,Fundamental point: Nahrwan south base.  Latitude: 33 deg 19 min 10.87 sec N; Longitude: 44 deg 43 min 25.54 sec E (of Greenwich).,1967,7012,8901,1351,Topographic mapping.,,,EPSG,1995-06-02 00:00:00,,0
6271,Naparima 1972,geodetic,Fundamental Point: Naparima. Latitude: 10 deg 16 min 44.860 sec N; Longitude: 61 deg 27 min 34.620 sec W (of Greenwich).,1972,7022,8901,1322,Topographic mapping.,Naparima 1972 is an extension of the Naparima 1955 network of Trinidad to include Tobago.,Ordnance Survey International.,EPSG,1995-06-02 00:00:00,,0
6272,New Zealand Geodetic Datum 1949,geodetic,Fundamental Point: Papatahi. Latitude: 41 deg 19 min  8.900 sec S; Longitude: 175 deg  02 min 51.000 sec E (of Greenwich).,1949,7022,8901,1175,"Geodesy, cadastre, topographic mapping, engineering survey.",,,EPSG,2000-10-19 00:00:00,2000.702,0
6273,NGO 1948,geodetic,,1948,7005,8901,1352,"Geodesy, cadastre, topographic mapping, engineering survey.",,,EPSG,1995-06-02 00:00:00,,0
6274,Datum 73,geodetic,"Fundamental Point:  TF4, Melrica. Latitude: 39 deg 41 min 37.30 sec N; Longitude: 8 deg 07 min 53.31 sec W (of Greenwich).",1964,7022,8901,1294,Topographic mapping.,,Instituto Geografico e Cadastral; Lisbon,EPSG,1995-06-02 00:00:00,,0
6275,Nouvelle Triangulation Francaise,geodetic,Fundamental Point: Pantheon. Latitude: 48 deg 50 min 46.52 sec N; Longitude: 2 deg 20 min 48.67 sec E (of Greenwich).,1898,7011,8901,1353,Topographic mapping.,,,EPSG,1995-06-02 00:00:00,,0
6276,NSWC 9Z-2,geodetic,,,7025,8901,1262,Satellite navigation.,Transit precise ephemeris before 1991.,,EPSG,1995-06-02 00:00:00,,0
6277,OSGB 1936,geodetic,Fundamental Point: Herstmonceux. Latitude: 50 deg 51 min 55.271 sec N; Longitude: 0 deg 20 min 45.882 sec E (of Greenwich).,1936,7001,8901,1264,Topographic mapping.Topographic mapping.Topographic mapping.Topographic mapping.,,,EPSG,1995-06-02 00:00:00,,0
6278,OSGB 1970 (SN),geodetic,Fundamental Point: Herstmonceux. Latitude: 50 deg 51 min 55.271 sec N; Longitude: 0 deg 20 min 45.882 sec E (of Greenwich).,1970,7001,8901,1354,Scientific network.,,,EPSG,1995-06-02 00:00:00,,0
6279,OS (SN) 1980,geodetic,Fundamental Point: Herstmonceux. Latitude: 50 deg 51 min 55.271 sec N; Longitude: 0 deg 20 min 45.882 sec E (of Greenwich).,1980,7001,8901,1354,Scientific network.,,,EPSG,1995-06-02 00:00:00,,0
6280,Padang 1884,geodetic,Fundamental Point: Padang,1884,7004,8901,1355,Topographic mapping.,,,EPSG,1995-06-02 00:00:00,,0
6281,Palestine 1923,geodetic,Fundamental Point: Point 82'M  Jerusalem. Latitude: 31 deg 44 min  2.749 sec N; Longitude: 35 deg 12 min 43.490 sec E (of Greenwich).,1923,7010,8901,1356,Topographic mapping.,,,EPSG,1995-06-02 00:00:00,,0
6282,Congo 1960 Pointe Noire,geodetic,Fundamental Point: Point Noire Astro. Latitude: 4 deg 47 min  0.100 sec S; Longitude: 11 deg 51 min  1.550 sec E (of Greenwich).,1960,7011,8901,1072,Topographic mapping.,,,EPSG,2002-01-18 00:00:00,2002.05,0
6283,Geocentric Datum of Australia 1994,geodetic,,1994,7019,8901,1036,"Topographic mapping, geodesy.",Coincident with WGS84 to within 1 metre.,Australian Surveying and Land Information Group Internet WWW page.,EPSG,1995-06-02 00:00:00,,0
6284,Pulkovo 1942,geodetic,Fundamental Point: Pulkovo observatory. Latitude: 59 deg 46 min 18.550 sec N; Longitude: 30 deg 19 min 42.090 sec E (of Greenwich).,1942,7024,8901,1357,Topographic mapping.,,,EPSG,1995-06-02 00:00:00,,0
6285,Qatar 1974,geodetic,Fundamental Point: Station G3,1974,7022,8901,1346,Topographic mapping.,,,EPSG,2001-08-28 00:00:00,2001.27,0
6286,Qatar 1948,geodetic,Fundamental Point: Sokey 0 M. Latitude: 25 deg 22 min 56.500 sec N; Longitude: 50 deg 45 min 41.000 sec E (of Greenwich).,1948,7020,8901,1346,Topographic mapping.,,,EPSG,1995-06-02 00:00:00,,0
6287,Qornoq,geodetic,,1927,7022,8901,1107,Topographic mapping.,,,EPSG,1995-06-02 00:00:00,,1
6288,Loma Quintana,geodetic,Fundamental Point: Loma Quintana,,7022,8901,1313,Topographic mapping.,Superseded by La Canoa (code 6247).,,EPSG,1995-06-02 00:00:00,,0
6289,Amersfoort,geodetic,Fundamental Point: Amersfoort. Latitude: 52 deg  09 min 22.178 sec N; Longitude: 5 deg 23 min 15.478 sec E (of Greenwich).,,7004,8901,1275,"Geodesy, cadastre, topographic mapping, engineering survey.",,,EPSG,2000-10-19 00:00:00,2000.56,0
6291,South American Datum 1969,geodetic,,1969,7036,8901,1358,Topographic mapping.,SAD69 uses GRS67 ellipsoid with 1/f to exactly 2 decimal places.  Precision of ellipsoid entry increased from 2 to 5 dp with change id 97.252.  Error introduced if not using the truncated precision is 0 to 31mm.,,EPSG,1996-10-18 00:00:00,96.09  97.252,0
6292,Sapper Hill 1943,geodetic,,1943,7022,8901,1092,Topographic mapping.,,,EPSG,1995-06-02 00:00:00,,0
6293,Schwarzeck,geodetic,,,7046,8901,1169,Topographic mapping.,,"Private Communication, Directorate of Surveys and Land Information, Cape Town.",EPSG,2001-01-21 00:00:00,2001.15,0
6294,Segora,geodetic,,,7004,8901,1359,Topographic mapping.,,,EPSG,1995-06-02 00:00:00,,1
6295,Serindung,geodetic,,,7004,8901,1360,Topographic mapping.,,,EPSG,1995-06-02 00:00:00,,0
6296,Sudan,geodetic,,,7011,8901,1361,Topographic mapping.,,,EPSG,1995-06-02 00:00:00,,0
6297,Tananarive 1925,geodetic,Fundamental Point: Tananarive observatory. Latitude: 18 deg 55 min  2.100 sec S; Longitude: 45 deg 12 min 52.800 sec E (of Greenwich).,2025,7022,8901,1149,Topographic mapping.,,,EPSG,1995-06-02 00:00:00,,0
6298,Timbalai 1948,geodetic,Fundamental Point: Timbalai. Latitude: 5 deg 17 min  3.548 sec N; Longitude: 115 deg 10 min 56.409 sec E (of Greenwich).,1948,7016,8901,1362,Topographic mapping.,,,EPSG,1995-06-02 00:00:00,,0
6299,TM65,geodetic,Adjusted to best mean fit 12 stations of the OSNI 1952 primary adjustment to within 0.5m.,1965,7002,8901,1305,Topographic mapping.,,,EPSG,1995-06-02 00:00:00,,0
6300,TM75,geodetic,Adjusted to best mean fit 9 stations of the OSNI 1952 primary adjustment in Northern Ireland plus the 1965 values of 3 stations in the Republic of Ireland.,1975,7002,8901,1305,"Geodesy, topographic mapping and engineering survey.",,,EPSG,1995-06-02 00:00:00,,0
6301,Tokyo,geodetic,Fundamental Point: Nikon-Keido-Genten. Latitude: 35 deg 39 min 17.5148 sec N; Longitude: 139 deg 44 min 40.5020 sec E (of Greenwich).,,7004,8901,1364,"Geodesy, cadastre, topographic mapping, engineering survey.",Superseded by Japanese Geodetic Datum 2000 (code 6611).,Geographic Survey Institute; Japan; Bulletin 40 (March 1994).  Also http://vldb.gsi.go.jp/sokuchi/datum/tokyodatum.html,EPSG,2002-06-22 00:00:00,98.46  2002.08,0
6302,Trinidad 1903,geodetic,Harbour Master's Flagstaff; Port of Spain.,1903,7007,8901,1339,Topographic mapping.,,,EPSG,1995-06-02 00:00:00,,0
6303,Trucial Coast 1948,geodetic,Fundamental Point: TC1. Latitude: 25 deg 23 min 50.190 sec N; Longitude: 55 deg 26 min 43.950 sec E (of Greenwich).,1948,7020,8901,1363,Oil industry mapping.,,,EPSG,1995-06-02 00:00:00,,0
6304,Voirol 1875,geodetic,Fundamental Point: Voirol. Latitude: 40.835864 grads N; Longitude: 0.788735 grads E of Paris.,1875,7011,8901,1365,Topographic mapping.,,IGN Paris,EPSG,1995-06-02 00:00:00,,0
6306,Bern 1938,geodetic,Fundamental Point: Old Bern observatory. Latitude: 46 deg 57 min  7.890 sec N; Longitude: 7 deg 26 min 22.335 sec E (of Greenwich).,1938,7004,8901,1286,Topographic mapping.,This redetermination of the coordinates of fundamental point is used for scientific purposes and as the graticule overprinted on topographic maps constructed on the CH1903 / LV03 projected CS (code 21781).,"""Die Projektionen der schweizerischen Plan- und Kartenwerke""; J. Bolliger 1967",EPSG,1995-06-02 00:00:00,,0
6307,Nord Sahara 1959,geodetic,,1959,7012,8901,1366,Topographic mapping.,Sometimes incorrectly referred to as Voirol Unifie 1960. Voirol Unifie 1960 is NOT a datum:  it is two projected coordinate systems based on  Nord Sahara 1959.  See coordinate system codes 30791 and 30792.,"""Le System Geodesique Nord-Sahara""; IGN Paris",EPSG,1999-10-20 00:00:00,99.62,0
6308,Stockholm 1938,geodetic,Fundamental Point: Stockholm observatory,1938,7004,8901,1225,"Geodesy, cadastre, topographic mapping, engineering survey.",Superseded by RT90 adjustment (datum code 6124),,EPSG,1996-04-12 00:00:00,,0
6309,Yacare,geodetic,,,7022,8901,1247,Topographic mapping.,,,EPSG,1995-06-02 00:00:00,,0
6310,Yoff,geodetic,,,7011,8901,1207,Topographic mapping.,,,EPSG,1995-06-02 00:00:00,,0
6311,Zanderij,geodetic,,,7022,8901,1222,Topographic mapping.,,,EPSG,1995-06-02 00:00:00,,0
6312,Militar-Geographische Institut,geodetic,Fundamental Point: Hermannskogel. Latitude: 48 deg 16 min 15.29 sec N; Longitude: 16 deg 17 min 41.06 sec E (of Greenwich).,1901,7004,8901,1321,Topographic mapping.,Croatia is planning to define a new modern datum to supersede HR1901 (info from EuroGeographics; http://crs.ifag.de/).,Bundesamt fur Eich- und Vermessungswesen; Wien,EPSG,1995-06-02 00:00:00,,0
6313,Reseau National Belge 1972,geodetic,Fundamental Point: Uccle observatory. Latitude: 50 deg 47 min 57.704 sec N; Longitude: 4 deg 21 min 24.983 sec E (of Greenwich).,1972,7022,8901,1347,Topographic mapping.,,,EPSG,1995-06-02 00:00:00,,0
6314,Deutsches Hauptdreiecksnetz,geodetic,Fundamental Point: Rauenberg. Latitude: 52 deg 27 min 12.021 sec N; Longitude: 13 deg 22 min 04.928 sec E (of Greenwich).,,7004,8901,1295,"Geodesy, cadastre, topographic mapping, engineering survey.",Deprecated because name misspelt.,,EPSG,2001-11-06 00:00:00,2001.511,0
6315,Conakry 1905,geodetic,Fundamental Point: Conakry. Latitude: 10.573766g N; Longitude: 17.833682g W (of Paris).,1905,7011,8901,1112,Topographic mapping.,,,EPSG,1995-06-02 00:00:00,,0
6316,Dealul Piscului 1933,geodetic,Fundamental point: latitude 44 deg 24 min 33.9606 sec N; longitude 26 deg 06 min 44.8772 sec E (of Greenwich).,1933,7022,8901,1197,Topographic mapping.,Superseded by 1970 adjustment (datum code 6317),Institute for Geodesy Photogrametry and Land Management,EPSG,1996-04-12 00:00:00,,0
6317,Dealul Piscului 1970,geodetic,Fundamental point: latitude 44 deg 24 min 23.7709 sec N; longitude 26deg 06 min 44.1265 sec E (of Greenwich).,1970,7024,8901,1197,Topographic mapping.,Supersedes 1933 adjustment (datum code 6316),Institute for Geodesy Photogrametry and Land Management,EPSG,1996-04-12 00:00:00,,0
6318,National Geodetic Network,geodetic,,,7030,8901,1136,Geodesy.,,,EPSG,1996-04-12 00:00:00,,0
6319,Kuwait Utility,geodetic,,,7019,8901,1310,"Cadastre, engineering survey.",,,EPSG,1996-04-12 00:00:00,,0
6322,World Geodetic System 1972,geodetic,,1972,7043,8901,1262,Satellite navigation.,Used by GPS before 1987. For Transit satellite positioning see also WGS 72BE. Datum code 6323 reserved for southern hemisphere ProjCS's.,,EPSG,1999-04-22 00:00:00,99.03,0
6324,WGS 72 Transit Broadcast Ephemeris,geodetic,,1972,7043,8901,1262,Satellite navigation.,Alleged datum for use with Transit broadcast ephemeris prior to 1989. Relationship to WGS 72 has changed over time.  Datum code 6325 reserved for southern hemisphere ProjCS's.,,EPSG,1999-04-22 00:00:00,99.03,0
6326,World Geodetic System 1984,geodetic,Origin at geocentre.,1984,7030,8901,1262,Satellite navigation.,Datum code 6327 reserved for southern hemisphere ProjCS's,,EPSG,2002-06-22 00:00:00,2002.151,0
6600,Anguilla 1957,geodetic,Fundamental point: station A4.,1957,7012,8901,1030,Topographic mapping.,,Ordnance Survey of Great Britain.,EPSG,1999-04-22 00:00:00,,0
6601,Antigua 1943,geodetic,Fundamental point: station A14.,1943,7012,8901,1273,Topographic mapping.,,Ordnance Survey of Great Britain.,EPSG,1999-04-22 00:00:00,,0
6602,Dominica 1945,geodetic,Fundamental point: station M12.,1945,7012,8901,1082,Topographic mapping.,,Ordnance Survey of Great Britain.,EPSG,1999-04-22 00:00:00,,0
6603,Grenada 1953,geodetic,Fundamental point: station GS8.,1953,7012,8901,1551,Topographic mapping.,,Ordnance Survey of Great Britain.,EPSG,1999-04-22 00:00:00,,0
6604,Montserrat 1958,geodetic,Fundamental point: station M36.,1958,7012,8901,1165,Topographic mapping.,,Ordnance Survey of Great Britain.,EPSG,1999-04-22 00:00:00,,0
6605,St. Kitts 1955,geodetic,Fundamental point: station K12.,1955,7012,8901,1200,Topographic mapping.,,Ordnance Survey of Great Britain.,EPSG,1999-04-22 00:00:00,,0
6606,St. Lucia 1955,geodetic,Fundamental point: station DCS3.,1955,7012,8901,1201,Topographic mapping.,,Ordnance Survey of Great Britain.,EPSG,1999-04-22 00:00:00,,0
6607,St. Vincent 1945,geodetic,Fundamental point: station V1.,1945,7012,8901,1202,Topographic mapping.,,Ordnance Survey of Great Britain.,EPSG,1999-04-22 00:00:00,,0
6608,North American Datum 1927 (1976),geodetic,Fundamental Point: Meade's Ranch. Latitude: 39 deg 13 min 26.686 sec N; Longitude: 98 deg 32 min 30.506 sec W (of Greenwich).,1976,7008,8901,1367,"Geodesy, cadastre, topographic mapping, engineering survey.",NAD27(76) used in Ontario for all maps at scale 1/20 000 and larger; elsewhere in Canada for selected purposes.,Geodetic Survey of Canada.,EPSG,1999-05-12 00:00:00,,0
6609,North American Datum 1927 (CGQ77),geodetic,Fundamental Point: Meade's Ranch. Latitude: 39 deg 13 min 26.686 sec N; Longitude: 98 deg 32 min 30.506 sec W (of Greenwich).,1977,7008,8901,1368,"Geodesy, cadastre, topographic mapping, engineering survey.",NAD27 (CGQ77) used in Quebec for all maps at scale 1/20 000 and larger; generally for maps issued by the Quebec cartography office whose reference system is CGQ77.,Geodetic Service of Quebec.  Contact alain.bernard@mrn.gouv.qc.ca,EPSG,1999-05-12 00:00:00,,0
6610,Xian 1980,geodetic,,1980,7049,8901,1067,"Geodesy, topographic and engineering survey.",,BP,EPSG,2002-02-12 00:00:00,,0
6611,Hong Kong 1980,geodetic,"Trig ""Zero"", 38.4 feet south along the transit circle of the Kowloon Observatory. Latitude 22deg 18min 12.82sec North, longitude 114deg 10min 18.75sec East.",1980,7022,8901,1118,"Geodesy, topgraphic and engineering survey, cadastre.",Supersedes Hong Kong 1963 datum and 1973 metric adjustment.,"Survey and Mapping Office, Lands Department. http://www.info.gov.hk/landsd/mapping/tindex.htm",EPSG,2002-06-22 00:00:00,,0
6612,Japanese Geodetic Datum 2000,geodetic,ITRF94,2000,7019,8901,1129,"Geodesy, topographic and engineering survey.",Instigated under amendment to the Japanese Surveying Law with effect from April 2002. Supersedes Tokyo datum (code 6301).,Japanese Survey Federation.,EPSG,2002-06-22 00:00:00,,0
6613,Gunung Segara,geodetic,Station P5 (Gunung Segara) 0deg 32min 12.83sec S  117deg 08min 48.47sec E (of Greenwich).,,7004,8901,1360,Topographic mapping.,,TotalFinaElf.,EPSG,2002-06-22 00:00:00,,0
6614,Qatar National Datum 1995,geodetic,Defined by transformation from WGS 84 - see coordinate operation code 1840.,1995,7022,8901,1346,Topographic mapping.,,Qatar Centre for Geographic Information.,EPSG,2002-06-28 00:00:00,,0
6615,Porto Santo,geodetic,,1936,7022,8901,1314,Topographic mapping.,For Selvagens island see Selvagem Grande (code 6616).,Instituto Geografico e Cadastral Lisbon http://www.ipcc.pt,EPSG,2002-07-13 00:00:00,,0
6616,Selvagem Grande,geodetic,,,7022,8901,2779,Topographic mapping.,,Instituto Geografico e Cadastral Lisbon http://www.ipcc.pt,EPSG,2002-07-13 00:00:00,,0
6801,CH1903 (Bern),geodetic,Fundamental Point: Bern observatory. Latitude: 46 deg 57 min  8.660 sec N; Longitude: 0,1903,7004,8907,1286,Topographic mapping.,,Bundesamt für Landestopographie,EPSG,1999-10-20 00:00:00,,0
6802,Bogota 1975 (Bogota),geodetic,Fundamental Point: Bogota observatory. Latitude: 4 deg 35 min 56.570 sec N; Longitude: 0,1975,7022,8904,1070,Topographic mapping.,,,EPSG,2000-10-19 00:00:00,2000.20,0
6803,Lisbon 1937 (Lisbon),geodetic,Fundamental Point: Castelo Sao Jorge; Lisbon. Latitude: 38 deg 42 min 43.631 sec N; Longitude: 0,1937,7022,8902,1294,Topographic mapping.,Supersedes Lisbon 1890 adjustment (which used Bessel 1841 ellipsoid).,Instituto Geografico e Cadastral; Lisbon,EPSG,1995-06-02 00:00:00,2001.551,0
6804,Makassar (Jakarta),geodetic,Fundamental Point: Moncongloe,,7004,8908,1316,Topographic mapping.,,,EPSG,1995-06-02 00:00:00,,0
6805,Militar-Geographische Institut (Ferro),geodetic,Fundamental Point: Hermannskogel. Latitude: 48 deg 16 min 15.29 sec N; Longitude: 33 deg 57 min 41.06 sec E of Ferro.,1901,7004,8909,1321,Topographic mapping.,,Bundesamt fur Eich- und Vermessungswesen; Wien,EPSG,1995-06-02 00:00:00,,0
6806,Monte Mario (Rome),geodetic,Fundamental Point: Monte Mario. Latitude: 41 deg 55 min 25.510 sec N; Longitude: 0 deg  00 min  00.000 sec E (of Rome).,,7022,8906,1127,Topographic mapping.,,,EPSG,1995-06-02 00:00:00,,0
6807,Nouvelle Triangulation Francaise (Paris),geodetic,Fundamental Point: Pantheon,,7011,8903,1353,Topographic mapping.,,,EPSG,1995-06-02 00:00:00,,0
6808,Padang 1884 (Jakarta),geodetic,Fundamental Point: Padang,1884,7004,8908,1355,Topographic mapping.,,,EPSG,1995-06-02 00:00:00,,0
6809,Reseau National Belge 1950 (Brussels),geodetic,Fundamental Point: Lommel (tower). Latitude: 51 deg 13 min 47.334 sec N; Longitude: 0 deg 56 min 44.773 sec E (of Brussels).,1950,7022,8910,1347,Topographic mapping.,,,EPSG,1995-06-02 00:00:00,,0
6810,Tananarive 1925 (Paris),geodetic,Fundamental Point: Tananarive observatory. Latitude: 18 deg 55 min  2.100 sec S; Longitude: 0,1925,7022,8903,1149,Topographic mapping.,,,EPSG,1995-06-02 00:00:00,,0
6811,Voirol 1875 (Paris),geodetic,Fundamental Point: Voirol. Latitude: 40.835864 grads N; Longitude: 0.788735 grads E of Paris.,1875,7011,8903,1365,Topographic mapping.,,IGN Paris,EPSG,1995-06-02 00:00:00,,0
6813,Batavia (Jakarta),geodetic,Fundamental Point: Longitude at Batavia Astro. Station. Latitude: 6 deg  7 min 39.520 sec S; Longitude: 106 deg 48 min 27.790 sec E (of Greenwich). Latitude and azimuth at Genuk.,,7004,8908,1285,Topographic mapping.,,,EPSG,1995-06-02 00:00:00,,0
6814,Stockholm 1938 (Stockholm),geodetic,Fundamental Point: Stockholm observatory,1938,7004,8911,1225,"Geodesy, cadastre, topographic mapping, engineering survey.",Superseded by RT90 adjustment (datum code 6124),,EPSG,1996-04-12 00:00:00,,0
6815,Greek (Athens),geodetic,Fundamental point: Athens Observatory; latitude 37 deg 58 min 20.132 sec N; longitude 0 deg E of Athens.,,7004,8912,1106,Topographic mapping.,See geodetic datum alias 6404.  Used as basis of topographic mapping based on Hatt projection.,Topography Department; National Technical University of Athens,EPSG,1997-06-16 00:00:00,,0
6816,Carthage (Paris),geodetic,,,7011,8903,1236,Topographic mapping.,,,EPSG,1995-06-02 00:00:00,,0
6817,NGO 1948 (Oslo),geodetic,,1948,7005,8913,1352,"Geodesy, cadastre, topographic mapping, engineering survey.",,,EPSG,1995-06-02 00:00:00,,0
6818,S-JTSK (Ferro),geodetic,Modification of Austrian MGI (Ferro) datum.,1920,7004,8909,1306,"Geodesy, cadastre, topographic mapping, engineering survey.",,Research Institute for Geodesy Topography and Cartography (VUGTK); Prague.,EPSG,2001-08-28 00:00:00,2001.26,0
6819,Nord Sahara 1959 (Paris),geodetic,,1959,7012,8903,1366,Topographic mapping.,Conformal transformation from adjustment in ED50 terms.,"""Le System Geodesique Nord-Sahara""; IGN Paris",EPSG,2000-06-23 00:00:00,,0
6820,Gunung Segara (Jakarta),geodetic,Station P5 (Gunung Segara) 0deg 32min 12.83sec S  117deg 08min 48.47sec E of Greenwich (8deg 20min 20.68sec E of Jakarta).,,7004,8908,1360,Topographic mapping.,,,EPSG,2002-06-22 00:00:00,,0
6901,Ancienne Triangulation Francaise (Paris),geodetic,,,7027,8903,1326,Topographic mapping.,,,EPSG,1995-06-02 00:00:00,,0
6902,Nord de Guerre (Paris),geodetic,,,7027,8903,1369,Topographic mapping.,,,EPSG,1995-06-02 00:00:00,,0
6903,Madrid 1870 (Madrid),geodetic,Fundamental point: Madrid observatory.,1870,7028,8905,1217,Topographic mapping.,,Institut de Geomatica; Barcelona,EPSG,1998-11-11 00:00:00,,0
6904,Lisbon 1890 (Lisbon),geodetic,Fundamental Point: Castelo Sao Jorge; Lisbon. Latitude: 38 deg 42 min 43.631 sec N; Longitude: 0,1937,7004,8902,1294,Topographic mapping.,Superseded by Lisbon 1937 adjustment (which uses International 1924 ellipsoid).,Instituto Geografico e Cadastral; Lisbon. http://www.ipcc.pt,EPSG,2002-07-13 00:00:00,,0
9300,Astra Minas,engineering,Origin at 45 deg 59 min 54.79 sec S; 67 deg 34 min 38.94 sec W.,,,,1265,Oil industry mapping.,,,EPSG,2000-03-07 00:00:00,,0
9301,Barcelona,engineering,Centre of the gateway of San Cristobal chuch; Plaza Boyaca; Barcelona.,,,,1266,Oil industry mapping.,Coordinates variously given as 10deg 08min 06sec N  64deg 41min 17sec W and 10deg 08min 06sec N  64deg 41min 07.5sec W.  It is not clear whether there should be two local datums.,"Ministry of Mines standards manual, 1974.",EPSG,2000-03-07 00:00:00,,0
9302,Maturin,engineering,Concrete post PR-1 in Plaza Bolivar; Maturin.  9deg 44min 55sec N  63deg 10min 40sec W.,,,,1320,Oil industry mapping.,,"Ministry of Mines standards manual, 1974.",EPSG,2000-06-10 00:00:00,,0
9303,Maracaibo Cross,engineering,Cruz Canada Morillo in Maracaibo; 10deg 38min 32.328sec N  71deg 37min 12.12sec W  Loma Quintana datum.,,,,1319,Oil industry mapping.,,"Ministry of Mines standards manual, 1974.",EPSG,2000-06-10 00:00:00,,0
9304,La Rosa,engineering,Monument in La Rosa; 10deg 22min 40.417sec N  71deg 26min 59.488sec W  Loma Quintana datum.,,,,1311,Oil industry mapping.,,"Ministry of Mines standards manual, 1974.",EPSG,2000-06-10 00:00:00,,0
9305,Mene Grande,engineering,Monument in Santa Barbara; Mene Grande.  9deg 52min 25.488sec N  70deg 54min 35.310sec W.,,,,1270,Oil industry mapping.,,"Ministry of Mines standards manual, 1974.",EPSG,2000-06-10 00:00:00,,0
9306,El Cubo,engineering,8deg 44min 17.258sec N  72deg 30min 09.01sec W.,,,,1269,Oil industry mapping.,,"Ministry of Mines standards manual, 1974.",EPSG,2000-06-10 00:00:00,,0
9307,Dabajuro,engineering,Church tower at Dabajuro; 11deg 01min 19sec N  70deg 40min 40sec W.,,,,1268,Oil industry mapping.,,"Ministry of Mines standards manual, 1974.",EPSG,2000-06-10 00:00:00,,0
9308,Tucupita,engineering,Centre of Plaza Bolivar; Tucupita; 9deg 03min 32sec N  62deg 03min 07.6sec W.,,,,1370,Oil industry mapping.,,"Ministry of Mines standards manual, 1974.",EPSG,2000-06-10 00:00:00,,0
9309,El Mene,engineering,10deg 04min 49.1sec N  71deg 02min 10sec W.,,,,1270,Oil industry mapping.,,"Ministry of Mines standards manual, 1974.",EPSG,2000-06-10 00:00:00,,0
9310,Santa Maria de Ipire,engineering,Concrete post PR-1 in Plaza Bolivar; Santa Maria de Ipire; 8deg 40min 06sec N  65deg 19min 09sec W.,,,,1371,Oil industry mapping.,,"Ministry of Mines standards manual, 1974.",EPSG,2000-06-10 00:00:00,,0
9311,Barinas west base,engineering,Concrete pillar,,,,1267,Oil industry mapping.,,"Ministry of Mines standards manual, 1974.",EPSG,2000-06-10 00:00:00,,0
9312,EPSG example  X,engineering,Bin grid I=J=1 at WGS 84 / UTM zone 31N 456781E 5836723N.,,,,1263,Example only.,"Bin grid orientation = 20 degrees grid.  Bin width I=25m, J=12.5m.  Bin increment I=1, J=1.  Scale factor at origin 0.99984.

Example only!",UKOOA P6/98 documentation,EPSG,2000-06-23 00:00:00,,0
9313,EPSG example Platform Y,engineering,Conductor slot A1,,,,1263,Example only.,Example only,EPSG,EPSG,2000-06-23 00:00:00,,0
