"COORD_REF_SYS_CODE","COORD_REF_SYS_NAME","DATUM_CODE","DATUM_NAME","UOM_CODE","ELLIPSOID_CODE","PRIME_MERIDIAN_CODE","COORD_OP_METHOD_CODE","DX","DY","DZ","RX","RY","RZ","DS"
4001,Unknown datum based upon the Airy 1830 ellipsoid,6001,"Not specified (based on Airy 1830 ellipsoid)",9108,7001,8901,,,,,,,,
4002,Unknown datum based upon the Airy Modified 1849 ellipsoid,6002,"Not specified (based on Airy Modified 1849 ellipsoid)",9108,7002,8901,,,,,,,,
4003,Unknown datum based upon the Australian National Spheroid,6003,"Not specified (based on Australian National Spheroid)",9108,7003,8901,,,,,,,,
4004,Unknown datum based upon the Bessel 1841 ellipsoid,6004,"Not specified (based on Bessel 1841 ellipsoid)",9108,7004,8901,,,,,,,,
4005,Unknown datum based upon the Bessel Modified ellipsoid,6005,"Not specified (based on Bessel Modified ellipsoid)",9108,7005,8901,,,,,,,,
4006,Unknown datum based upon the Bessel Namibia ellipsoid,6006,"Not specified (based on Bessel Namibia ellipsoid)",9108,7046,8901,,,,,,,,
4007,Unknown datum based upon the Clarke 1858 ellipsoid,6007,"Not specified (based on Clarke 1858 ellipsoid)",9108,7007,8901,,,,,,,,
4008,Unknown datum based upon the Clarke 1866 ellipsoid,6008,"Not specified (based on Clarke 1866 ellipsoid)",9108,7008,8901,,,,,,,,
4009,Unknown datum based upon the Clarke 1866 Michigan ellipsoid,6009,"Not specified (based on Clarke 1866 Michigan ellipsoid)",9108,7009,8901,,,,,,,,
4010,"Unknown datum based upon the Clarke 1880 (Benoit) ellipsoid",6010,"Not specified (based on Clarke 1880 (Benoit) ellipsoid)",9108,7010,8901,,,,,,,,
4011,"Unknown datum based upon the Clarke 1880 (IGN) ellipsoid",6011,"Not specified (based on Clarke 1880 (IGN) ellipsoid)",9108,7011,8901,,,,,,,,
4012,"Unknown datum based upon the Clarke 1880 (RGS) ellipsoid",6012,"Not specified (based on Clarke 1880 (RGS) ellipsoid)",9108,7012,8901,,,,,,,,
4013,"Unknown datum based upon the Clarke 1880 (Arc) ellipsoid",6013,"Not specified (based on Clarke 1880 (Arc) ellipsoid)",9108,7013,8901,,,,,,,,
4014,"Unknown datum based upon the Clarke 1880 (SGA 1922) ellipsoid",6014,"Not specified (based on Clarke 1880 (SGA 1922) ellipsoid)",9108,7014,8901,,,,,,,,
4015,"Unknown datum based upon the Everest 1830 (1937 Adjustment) ellipsoid",6015,"Not specified (based on Everest 1830 (1937 Adjustment) ellipsoid)",9108,7015,8901,,,,,,,,
4016,"Unknown datum based upon the Everest 1830 (1967 Definition) ellipsoid",6016,"Not specified (based on Everest 1830 (1967 Definition) ellipsoid)",9108,7016,8901,,,,,,,,
4018,Unknown datum based upon the Everest 1830 Modified ellipsoid,6018,"Not specified (based on Everest 1830 Modified ellipsoid)",9108,7018,8901,,,,,,,,
4019,Unknown datum based upon the GRS 1980 ellipsoid,6019,"Not specified (based on GRS 1980 ellipsoid)",9108,7019,8901,,,,,,,,
4020,Unknown datum based upon the Helmert 1906 ellipsoid,6020,"Not specified (based on Helmert 1906 ellipsoid)",9108,7020,8901,,,,,,,,
4021,Unknown datum based upon the Indonesian National Spheroid,6021,"Not specified (based on Indonesian National Spheroid)",9108,7021,8901,,,,,,,,
4022,Unknown datum based upon the International 1924 ellipsoid,6022,"Not specified (based on International 1924 ellipsoid)",9108,7022,8901,,,,,,,,
4024,Unknown datum based upon the Krassowsky 1940 ellipsoid,6024,"Not specified (based on Krassowsky 1940 ellipsoid)",9108,7024,8901,,,,,,,,
4025,Unknown datum based upon the NWL 9D ellipsoid,6025,"Not specified (based on NWL 9D ellipsoid)",9108,7025,8901,,,,,,,,
4027,Unknown datum based upon the Plessis 1817 ellipsoid,6027,"Not specified (based on Plessis 1817 ellipsoid)",9108,7027,8901,,,,,,,,
4028,Unknown datum based upon the Struve 1860 ellipsoid,6028,"Not specified (based on Struve 1860 ellipsoid)",9108,7028,8901,,,,,,,,
4029,Unknown datum based upon the War Office ellipsoid,6029,"Not specified (based on War Office ellipsoid)",9108,7029,8901,,,,,,,,
4030,Unknown datum based upon the WGS 84 ellipsoid,6030,"Not specified (based on WGS 84 ellipsoid)",9108,7030,8901,,,,,,,,
4031,Unknown datum based upon the GEM 10C ellipsoid,6031,"Not specified (based on GEM 10C ellipsoid)",9108,7031,8901,,,,,,,,
4032,Unknown datum based upon the OSU86F ellipsoid,6032,"Not specified (based on OSU86F ellipsoid)",9108,7032,8901,,,,,,,,
4033,Unknown datum based upon the OSU91A ellipsoid,6033,"Not specified (based on OSU91A ellipsoid)",9108,7033,8901,,,,,,,,
4034,Unknown datum based upon the Clarke 1880 ellipsoid,6034,"Not specified (based on Clarke 1880 ellipsoid)",9108,7034,8901,,,,,,,,
4035,Unknown datum based upon the Authalic Sphere,6035,"Not specified (based on Authalic Sphere)",9108,7035,8901,,,,,,,,
4036,Unknown datum based upon the GRS 1967 ellipsoid,6036,"Not specified (based on GRS 1967 ellipsoid)",9108,7036,8901,,,,,,,,
4041,Unknown datum based upon the Average Terrestrial System 1977 ellipsoid,6041,"Not specified (based on Average Terrestrial System 1977 ellipsoid)",9108,7041,8901,,,,,,,,
4042,"Unknown datum based upon the Everest (1830 Definition) ellipsoid",6042,"Not specified (based on Everest (1830 Definition) ellipsoid)",9108,7042,8901,,,,,,,,
4043,Unknown datum based upon the WGS 72 ellipsoid,6043,"Not specified (based on WGS 72 ellipsoid)",9108,7043,8901,,,,,,,,
4044,"Unknown datum based upon the Everest 1830 (1962 Definition) ellipsoid",6044,"Not specified (based on Everest 1830 (1962 Definition) ellipsoid)",9108,7044,8901,,,,,,,,
4045,"Unknown datum based upon the Everest 1830 (1975 Definition) ellipsoid",6045,"Not specified (based on Everest 1830 (1975 Definition) ellipsoid)",9108,7045,8901,,,,,,,,
4047,Unspecified based upon the GRS 1980 Authalic Sphere,6047,"Not specified (based on GRS 1980 Authalic Sphere)",9108,7047,8901,,,,,,,,
4120,Greek,6120,Greek,9108,7004,8901,,,,,,,,
4121,GGRS87,6121,Greek Geodetic Reference System 1987,9108,7019,8901,9603,-199.87,74.79,246.62,,,,
4122,ATS77,6122,Average Terrestrial System 1977,9108,7041,8901,,,,,,,,
4123,KKJ,6123,Kartasto Koordinaati Jarjestelma 1966,9108,7022,8901,9606,-90.7,-106.1,-119.2,4.09,0.218,-1.05,1.37
4124,RT90,6124,Rikets koordinatsystem 1990,9108,7004,8901,,,,,,,,
4125,Samboja,6125,Samboja,9108,7004,8901,9603,-404.78,685.68,45.47,,,,
4126,"LKS94 (ETRS89)",6126,"Lithuania 1994 (ETRS89)",9108,7019,8901,9603,0.0,0.0,0.0,,,,
4127,Tete,6127,Tete,9108,7008,8901,,,,,,,,
4128,Madzansua,6128,Madzansua,9108,7008,8901,,,,,,,,
4129,Observatario,6129,Observatario,9108,7008,8901,,,,,,,,
4130,Moznet,6130,"Moznet (ITRF94)",9108,7030,8901,9607,0.0,0.0,0.0,0.0,0.0,0.0,0.0
4131,Indian 1960,6131,Indian 1960,9108,7015,8901,,,,,,,,
4132,FD58,6132,Final Datum 1958,9108,7012,8901,,,,,,,,
4133,EST92,6133,Estonia 1992,9108,7019,8901,9607,0.055,-0.541,-0.185,-0.0183,0.0003,0.007,-0.014
4134,PDO Survey Datum 1993,6134,PDO Survey Datum 1993,9108,7012,8901,,,,,,,,
4135,Old Hawaiian,6135,Old Hawaiian,9108,7008,8901,,,,,,,,
4136,St. Lawrence Island,6136,St. Lawrence Island,9108,7008,8901,,,,,,,,
4137,St. Paul Island,6137,St. Paul Island,9108,7008,8901,,,,,,,,
4138,St. George Island,6138,St. George Island,9108,7008,8901,,,,,,,,
4139,Puerto Rico,6139,Puerto Rico,9108,7008,8901,,,,,,,,
4140,"NAD83(CSRS98)",6140,NAD83 Canadian Spatial Reference System,9108,7019,8901,9603,0.0,0.0,0.0,,,,
4141,Israel,6141,Israel,9108,7019,8901,,,,,,,,
4142,Locodjo 1965,6142,Locodjo 1965,9108,7012,8901,9603,-125.0,53.0,467.0,,,,
4143,Abidjan 1987,6143,Abidjan 1987,9108,7012,8901,9603,-124.76,53.0,466.79,,,,
4144,Kalianpur 1937,6144,Kalianpur 1937,9108,7015,8901,,,,,,,,
4145,Kalianpur 1962,6145,Kalianpur 1962,9108,7044,8901,9603,283.0,682.0,231.0,,,,
4146,Kalianpur 1975,6146,Kalianpur 1975,9108,7045,8901,9603,295.0,736.0,257.0,,,,
4147,Hanoi 1972,6147,Hanoi 1972,9108,7024,8901,9603,-17.51,-108.32,-62.39,,,,
4148,Hartebeesthoek94,6148,Hartebeesthoek94,9108,7030,8901,9603,0.0,0.0,0.0,,,,
4149,CH1903,6149,CH1903,9108,7004,8901,,,,,,,,
4150,"CH1903+",6150,"CH1903+",9108,7004,8901,9603,674.374,15.056,405.346,,,,
4151,CHTRF95,6151,Swiss Terrestrial Reference Frame 1995,9108,7019,8901,9603,0.0,0.0,0.0,,,,
4152,"NAD83(HARN)",6152,"NAD83 (High Accuracy Regional Network)",9108,7019,8901,9603,0.0,0.0,0.0,,,,
4153,Rassadiran,6153,Rassadiran,9108,7022,8901,9603,-133.63,-157.5,-158.62,,,,
4154,"ED50(ED77)",6154,"European Datum 1950(1977)",9108,7022,8901,,,,,,,,
4155,Dabola 1981,6155,Dabola 1981,9108,7011,8901,9603,-83.0,37.0,124.0,,,,
4156,S-JTSK,6156,Jednotne Trigonometricke Site Katastralni,9108,7004,8901,,,,,,,,
4157,Mount Dillon,6157,Mount Dillon,9108,7007,8901,,,,,,,,
4158,Naparima 1955,6158,Naparima 1955,9108,7022,8901,,,,,,,,
4159,ELD79,6159,European Libyan Datum 1979,9108,7022,8901,,,,,,,,
4160,Chos Malal 1914,6160,Chos Malal 1914,9108,7022,8901,,,,,,,,
4161,Pampa del Castillo,6161,Pampa del Castillo,9108,7022,8901,,,,,,,,
4162,Korean 1985,6162,Korean Datum 1985,9108,7004,8901,,,,,,,,
4163,Yemen NGN96,6163,Yemen National Geodetic Network 1996,9108,7030,8901,9603,0.0,0.0,0.0,,,,
4164,South Yemen,6164,South Yemen,9108,7024,8901,9603,-76.0,-138.0,67.0,,,,
4165,Bissau,6165,Bissau,9108,7022,8901,9603,-173.0,253.0,27.0,,,,
4166,Korean 1995,6166,Korean Datum 1995,9108,7030,8901,9603,0.0,0.0,0.0,,,,
4167,NZGD2000,6167,New Zealand Geodetic Datum 2000,9108,7019,8901,9603,0.0,0.0,0.0,,,,
4168,Accra,6168,Accra,9108,7029,8901,9603,-199.0,32.0,322.0,,,,
4169,American Samoa 1962,6169,American Samoa 1962,9108,7008,8901,9603,-115.0,118.0,426.0,,,,
4170,SIRGAS,6170,Sistema de Referencia Geocentrico para America del Sur,9108,7019,8901,9603,0.0,0.0,0.0,,,,
4171,RGF93,6171,Reseau Geodesique Francais 1993,9108,7019,8901,9603,0.0,0.0,0.0,,,,
4172,POSGAR,6172,Posiciones Geodesicas Argentinas,9108,7019,8901,9603,0.0,0.0,0.0,,,,
4173,IRENET95,6173,IRENET95,9108,7019,8901,9603,0.0,0.0,0.0,,,,
4174,Sierra Leone 1924,6174,Sierra Leone Colony 1924,9108,7029,8901,,,,,,,,
4175,Sierra Leone 1968,6175,Sierra Leone 1968,9108,7012,8901,9603,-88.0,4.0,101.0,,,,
4176,Australian Antarctic,6176,Australian Antarctic Datum 1998,9108,7019,8901,,,,,,,,
4178,"Pulkovo 1942(83)",6178,"Pulkovo 1942/83",9108,7024,8901,9607,24.0,-123.0,-94.0,-0.02,0.25,0.13,1.1
4179,"Pulkovo 1942(58)",6179,"Pulkovo 1942/58",9108,7024,8901,9606,33.4,-146.6,-76.3,-0.359,-0.053,0.844,-0.84
4180,EST97,6180,Estonia 1997,9108,7019,8901,9603,0.0,0.0,0.0,,,,
4181,Luxembourg 1930,6181,Luxembourg 1930,9108,7022,8901,9606,-193.0,13.7,-39.3,-0.41,-2.933,2.688,0.43
4182,Azores Occidental 1939,6182,Azores Occidental Islands 1939,9108,7022,8901,,,,,,,,
4183,Azores Central 1948,6183,Azores Central Islands 1948,9108,7022,8901,,,,,,,,
4184,Azores Oriental 1940,6184,Azores Oriental Islands 1940,9108,7022,8901,,,,,,,,
4185,Madeira 1936,6185,Madeira 1936,9108,7022,8901,,,,,,,,
4188,OSNI 1952,6188,OSNI 1952,9108,7001,8901,,,,,,,,
4189,REGVEN,6189,Red Geodesica Venezolana,9108,7019,8901,9603,0.0,0.0,0.0,,,,
4190,POSGAR 98,6190,Posiciones Geodesicas Argentinas 1998,9108,7019,8901,9603,0.0,0.0,0.0,,,,
4191,Albanian 1987,6191,Albanian 1987,9108,7024,8901,,,,,,,,
4192,Douala 1948,6192,Douala 1948,9108,7022,8901,,,,,,,,
4193,Manoca 1962,6193,Manoca 1962,9108,7011,8901,9603,-70.9,-151.8,-41.4,,,,
4194,Qornoq 1927,6194,Qornoq 1927,9108,7022,8901,,,,,,,,
4195,Scoresbysund 1952,6195,Scoresbysund 1952,9108,7022,8901,9606,105.0,326.0,-102.5,0.0,0.0,0.814,-0.6
4196,Ammassalik 1958,6196,Ammassalik 1958,9108,7022,8901,9606,-45.0,417.0,-3.5,0.0,0.0,0.814,-0.6
4197,Garoua,6197,Garoua,9108,7012,8901,,,,,,,,
4198,Kousseri,6198,Kousseri,9108,7012,8901,,,,,,,,
4199,Egypt 1930,6199,Egypt 1930,9108,7022,8901,,,,,,,,
4200,Pulkovo 1995,6200,Pulkovo 1995,9108,7024,8901,,,,,,,,
4201,Adindan,6201,Adindan,9108,7012,8901,,,,,,,,
4202,AGD66,6202,Australian Geodetic Datum 1966,9108,7003,8901,,,,,,,,
4203,AGD84,6203,Australian Geodetic Datum 1984,9108,7003,8901,,,,,,,,
4204,Ain el Abd,6204,Ain el Abd 1970,9108,7022,8901,,,,,,,,
4205,Afgooye,6205,Afgooye,9108,7024,8901,9603,-43.0,-163.0,45.0,,,,
4206,Agadez,6206,Agadez,9108,7011,8901,,,,,,,,
4207,Lisbon,6207,Lisbon 1937,9108,7022,8901,,,,,,,,
4208,Aratu,6208,Aratu,9108,7022,8901,,,,,,,,
4209,Arc 1950,6209,Arc 1950,9108,7013,8901,,,,,,,,
4210,Arc 1960,6210,Arc 1960,9108,7012,8901,,,,,,,,
4211,Batavia,6211,Batavia,9108,7004,8901,,,,,,,,
4212,Barbados 1938,6212,Barbados 1938,9108,7012,8901,,,,,,,,
4213,Beduaram,6213,Beduaram,9108,7011,8901,,,,,,,,
4214,Beijing 1954,6214,Beijing 1954,9108,7024,8901,,,,,,,,
4215,Belge 1950,6215,Reseau National Belge 1950,9108,7022,8901,,,,,,,,
4216,Bermuda 1957,6216,Bermuda 1957,9108,7008,8901,9603,-73.0,213.0,296.0,,,,
4218,Bogota 1975,6218,Bogota 1975,9108,7022,8901,,,,,,,,
4219,Bukit Rimpah,6219,Bukit Rimpah,9108,7004,8901,9603,-384.0,664.0,-48.0,,,,
4220,Camacupa,6220,Camacupa,9108,7012,8901,,,,,,,,
4221,Campo Inchauspe,6221,Campo Inchauspe,9108,7022,8901,,,,,,,,
4222,Cape,6222,Cape,9108,7013,8901,,,,,,,,
4223,Carthage,6223,Carthage,9108,7011,8901,,,,,,,,
4224,Chua,6224,Chua,9108,7022,8901,9603,-134.0,229.0,-29.0,,,,
4225,Corrego Alegre,6225,Corrego Alegre,9108,7022,8901,9603,-206.0,172.0,-6.0,,,,
4226,"Cote d'Ivoire",6226,"Cote d'Ivoire",9108,7011,8901,,,,,,,,
4227,Deir ez Zor,6227,Deir ez Zor,9108,7011,8901,,,,,,,,
4228,Douala,6228,Douala,9108,7011,8901,,,,,,,,
4229,Egypt 1907,6229,Egypt 1907,9108,7020,8901,,,,,,,,
4230,ED50,6230,European Datum 1950,9108,7022,8901,,,,,,,,
4231,ED87,6231,European Datum 1987,9108,7022,8901,9606,-82.981,-99.719,-110.709,-0.5076,0.1503,0.3898,-0.3143
4232,Fahud,6232,Fahud,9108,7012,8901,,,,,,,,
4233,Gandajika 1970,6233,Gandajika 1970,9108,7022,8901,,,,,,,,
4234,Garoua,6234,Garoua,9108,7011,8901,,,,,,,,
4235,Guyane Francaise,6235,Guyane Francaise,9108,7022,8901,,,,,,,,
4236,Hu Tzu Shan,6236,Hu Tzu Shan,9108,7022,8901,9603,-637.0,-549.0,-203.0,,,,
4237,HD72,6237,Hungarian Datum 1972,9108,7036,8901,,,,,,,,
4238,ID74,6238,Indonesian Datum 1974,9108,7021,8901,,,,,,,,
4239,Indian 1954,6239,Indian 1954,9108,7015,8901,9603,217.0,823.0,299.0,,,,
4240,Indian 1975,6240,Indian 1975,9108,7015,8901,,,,,,,,
4241,Jamaica 1875,6241,Jamaica 1875,9108,7034,8901,,,,,,,,
4242,JAD69,6242,Jamaica 1969,9108,7008,8901,,,,,,,,
4243,Kalianpur 1880,6243,Kalianpur 1880,9108,7042,8901,,,,,,,,
4244,Kandawala,6244,Kandawala,9108,7015,8901,9603,-97.0,787.0,86.0,,,,
4245,Kertau,6245,Kertau,9108,7018,8901,9603,-11.0,851.0,5.0,,,,
4246,KOC,6246,Kuwait Oil Company,9108,7012,8901,,,,,,,,
4247,La Canoa,6247,La Canoa,9108,7022,8901,9603,-273.5,110.6,-357.9,,,,
4248,PSAD56,6248,Provisional South American Datum 1956,9108,7022,8901,,,,,,,,
4249,Lake,6249,Lake,9108,7022,8901,,,,,,,,
4250,Leigon,6250,Leigon,9108,7012,8901,9603,-130.0,29.0,364.0,,,,
4251,Liberia 1964,6251,Liberia 1964,9108,7012,8901,9603,-90.0,40.0,88.0,,,,
4252,Lome,6252,Lome,9108,7011,8901,,,,,,,,
4253,Luzon 1911,6253,Luzon 1911,9108,7008,8901,,,,,,,,
4254,Hito XVIII 1963,6254,Hito XVIII 1963,9108,7022,8901,9606,18.38,192.45,96.82,0.056,-0.142,-0.2,-0.0013
4255,Herat North,6255,Herat North,9108,7022,8901,9603,-333.0,-222.0,114.0,,,,
4256,Mahe 1971,6256,Mahe 1971,9108,7012,8901,9603,41.0,-220.0,-134.0,,,,
4257,Makassar,6257,Makassar,9108,7004,8901,9603,-587.8,519.75,145.76,,,,
4258,ETRS89,6258,European Terrestrial Reference System 1989,9108,7019,8901,,,,,,,,
4259,Malongo 1987,6259,Malongo 1987,9108,7022,8901,,,,,,,,
4260,Manoca,6260,Manoca,9108,7012,8901,9603,-70.9,-151.8,-41.4,,,,
4261,Merchich,6261,Merchich,9108,7011,8901,9603,31.0,146.0,47.0,,,,
4262,Massawa,6262,Massawa,9108,7004,8901,9603,639.0,405.0,60.0,,,,
4263,Minna,6263,Minna,9108,7012,8901,,,,,,,,
4264,Mhast,6264,Mhast,9108,7022,8901,9603,-252.95,-4.11,-96.38,,,,
4265,Monte Mario,6265,Monte Mario,9108,7022,8901,,,,,,,,
4266,"M'poraloko",6266,"M'poraloko",9108,7011,8901,,,,,,,,
4267,NAD27,6267,North American Datum 1927,9108,7008,8901,,,,,,,,
4268,NAD27 Michigan,6268,NAD Michigan,9108,7009,8901,,,,,,,,
4269,NAD83,6269,North American Datum 1983,9108,7019,8901,,,,,,,,
4270,Nahrwan 1967,6270,Nahrwan 1967,9108,7012,8901,,,,,,,,
4271,Naparima 1972,6271,Naparima 1972,9108,7022,8901,,,,,,,,
4272,NZGD49,6272,New Zealand Geodetic Datum 1949,9108,7022,8901,,,,,,,,
4273,NGO 1948,6273,NGO 1948,9108,7005,8901,9606,278.3,93.0,474.5,7.889,0.05,-6.61,6.21
4274,Datum 73,6274,Datum 73,9108,7022,8901,,,,,,,,
4275,NTF,6275,Nouvelle Triangulation Francaise,9108,7011,8901,9603,-168.0,-60.0,320.0,,,,
4276,NSWC 9Z-2,6276,NSWC 9Z-2,9108,7025,8901,,,,,,,,
4277,OSGB 1936,6277,OSGB 1936,9108,7001,8901,,,,,,,,
4278,OSGB70,6278,"OSGB 1970 (SN)",9108,7001,8901,,,,,,,,
4279,"OS(SN)80",6279,"OS (SN) 1980",9108,7001,8901,,,,,,,,
4280,Padang,6280,Padang 1884,9108,7004,8901,,,,,,,,
4281,Palestine 1923,6281,Palestine 1923,9108,7010,8901,,,,,,,,
4282,Pointe Noire,6282,Congo 1960 Pointe Noire,9108,7011,8901,,,,,,,,
4283,GDA94,6283,Geocentric Datum of Australia 1994,9108,7019,8901,9603,0.0,0.0,0.0,,,,
4284,Pulkovo 1942,6284,Pulkovo 1942,9108,7024,8901,,,,,,,,
4285,Qatar 1974,6285,Qatar 1974,9108,7022,8901,,,,,,,,
4286,Qatar 1948,6286,Qatar 1948,9108,7020,8901,,,,,,,,
4287,Qornoq,6287,Qornoq,9108,7022,8901,9603,164.0,138.0,-189.0,,,,
4288,Loma Quintana,6288,Loma Quintana,9108,7022,8901,,,,,,,,
4289,Amersfoort,6289,Amersfoort,9108,7004,8901,,,,,,,,
4291,SAD69,6291,South American Datum 1969,9108,7036,8901,,,,,,,,
4292,Sapper Hill 1943,6292,Sapper Hill 1943,9108,7022,8901,9603,-355.0,21.0,72.0,,,,
4293,Schwarzeck,6293,Schwarzeck,9108,7046,8901,,,,,,,,
4294,Segora,6294,Segora,9108,7004,8901,,,,,,,,
4295,Serindung,6295,Serindung,9108,7004,8901,,,,,,,,
4296,Sudan,6296,Sudan,9108,7011,8901,,,,,,,,
4297,Tananarive,6297,Tananarive 1925,9108,7022,8901,9603,-189.0,-242.0,-91.0,,,,
4298,Timbalai 1948,6298,Timbalai 1948,9108,7016,8901,,,,,,,,
4299,TM65,6299,TM65,9108,7002,8901,,,,,,,,
4300,TM75,6300,TM75,9108,7002,8901,,,,,,,,
4301,Tokyo,6301,Tokyo,9108,7004,8901,,,,,,,,
4302,Trinidad 1903,6302,Trinidad 1903,9108,7007,8901,9603,-61.702,284.488,472.052,,,,
4303,"TC(1948)",6303,Trucial Coast 1948,9108,7020,8901,,,,,,,,
4304,Voirol 1875,6304,Voirol 1875,9108,7011,8901,9603,-73.0,-247.0,227.0,,,,
4306,Bern 1938,6306,Bern 1938,9108,7004,8901,,,,,,,,
4307,Nord Sahara 1959,6307,Nord Sahara 1959,9108,7012,8901,,,,,,,,
4308,RT38,6308,Stockholm 1938,9108,7004,8901,,,,,,,,
4309,Yacare,6309,Yacare,9108,7022,8901,9603,-155.0,171.0,37.0,,,,
4310,Yoff,6310,Yoff,9108,7011,8901,,,,,,,,
4311,Zanderij,6311,Zanderij,9108,7022,8901,9603,-265.0,120.0,-358.0,,,,
4312,MGI,6312,Militar-Geographische Institut,9108,7004,8901,,,,,,,,
4313,Belge 1972,6313,Reseau National Belge 1972,9108,7022,8901,,,,,,,,
4314,DHDN,6314,Deutsches Hauptdreiecksnetz,9108,7004,8901,,,,,,,,
4315,Conakry 1905,6315,Conakry 1905,9108,7011,8901,9603,-23.0,259.0,-9.0,,,,
4316,Dealul Piscului 1933,6316,Dealul Piscului 1933,9108,7022,8901,9603,103.25,-100.4,-307.19,,,,
4317,Dealul Piscului 1970,6317,Dealul Piscului 1970,9108,7024,8901,,,,,,,,
4318,NGN,6318,National Geodetic Network,9108,7030,8901,,,,,,,,
4319,KUDAMS,6319,Kuwait Utility,9108,7019,8901,,,,,,,,
4322,WGS 72,6322,World Geodetic System 1972,9108,7043,8901,,,,,,,,
4324,WGS 72BE,6324,WGS 72 Transit Broadcast Ephemeris,9108,7043,8901,9606,0.0,0.0,1.9,0.0,0.0,0.814,-0.38
4326,WGS 84,6326,World Geodetic System 1984,9108,7030,8901,,,,,,,,
4600,Anguilla 1957,6600,Anguilla 1957,9108,7012,8901,,,,,,,,
4601,Antigua 1943,6601,Antigua 1943,9108,7012,8901,9603,-255.0,-15.0,71.0,,,,
4602,Dominica 1945,6602,Dominica 1945,9108,7012,8901,9603,725.0,685.0,536.0,,,,
4603,Grenada 1953,6603,Grenada 1953,9108,7012,8901,9603,72.0,213.7,93.0,,,,
4604,Montserrat 1958,6604,Montserrat 1958,9108,7012,8901,9603,174.0,359.0,365.0,,,,
4605,St. Kitts 1955,6605,St. Kitts 1955,9108,7012,8901,9603,9.0,183.0,236.0,,,,
4606,St. Lucia 1955,6606,St. Lucia 1955,9108,7012,8901,9603,-149.0,128.0,296.0,,,,
4607,St. Vincent 1945,6607,St. Vincent 1945,9108,7012,8901,,,,,,,,
4608,"NAD27(76)",6608,"North American Datum 1927 (1976)",9108,7008,8901,,,,,,,,
4609,"NAD27(CGQ77)",6609,"North American Datum 1927 (CGQ77)",9108,7008,8901,,,,,,,,
4610,Xian 1980,6610,Xian 1980,9108,7049,8901,,,,,,,,
4611,Hong Kong 1980,6611,Hong Kong 1980,9108,7022,8901,9606,-162.619,-276.959,-161.764,0.067753,-2.243649,-1.158827,-1.094246
4612,JGD2000,6612,Japanese Geodetic Datum 2000,9108,7019,8901,9603,0.0,0.0,0.0,,,,
4613,Segara,6613,Gunung Segara,9108,7004,8901,9603,-404.78,685.68,45.47,,,,
4614,QND95,6614,Qatar National Datum 1995,9108,7022,8901,9606,-119.4248,-303.65872,-11.00061,1.164298,0.174458,1.096259,3.657065
4615,Porto Santo,6615,Porto Santo,9108,7022,8901,,,,,,,,
4616,Selvagem Grande,6616,Selvagem Grande,9108,7022,8901,,,,,,,,
4617,"NAD83(CSRS)",6140,NAD83 Canadian Spatial Reference System,9108,7019,8901,9603,0.0,0.0,0.0,,,,
4801,"Bern 1898 (Bern)",6801,"CH1903 (Bern)",9108,7004,8907,,,,,,,,
4802,"Bogota 1975 (Bogota)",6802,"Bogota 1975 (Bogota)",9108,7022,8904,,,,,,,,
4803,"Lisbon (Lisbon)",6803,"Lisbon 1937 (Lisbon)",9108,7022,8902,,,,,,,,
4804,"Makassar (Jakarta)",6804,"Makassar (Jakarta)",9108,7004,8908,,,,,,,,
4805,"MGI (Ferro)",6805,"Militar-Geographische Institut (Ferro)",9108,7004,8909,,,,,,,,
4806,"Monte Mario (Rome)",6806,"Monte Mario (Rome)",9108,7022,8906,,,,,,,,
4807,"NTF (Paris)",6807,"Nouvelle Triangulation Francaise (Paris)",9105,7011,8903,,,,,,,,
4808,"Padang (Jakarta)",6808,"Padang 1884 (Jakarta)",9108,7004,8908,,,,,,,,
4809,"Belge 1950 (Brussels)",6809,"Reseau National Belge 1950 (Brussels)",9108,7022,8910,,,,,,,,
4810,"Tananarive (Paris)",6810,"Tananarive 1925 (Paris)",9105,7022,8903,,,,,,,,
4811,"Voirol 1875 (Paris)",6811,"Voirol 1875 (Paris)",9105,7011,8903,,,,,,,,
4813,"Batavia (Jakarta)",6813,"Batavia (Jakarta)",9108,7004,8908,,,,,,,,
4814,"RT38 (Stockholm)",6814,"Stockholm 1938 (Stockholm)",9108,7004,8911,,,,,,,,
4815,"Greek (Athens)",6815,"Greek (Athens)",9108,7004,8912,,,,,,,,
4816,"Carthage (Paris)",6816,"Carthage (Paris)",9105,7011,8903,,,,,,,,
4817,"NGO 1948 (Oslo)",6817,"NGO 1948 (Oslo)",9108,7005,8913,9606,278.3,93.0,474.5,7.889,0.05,-6.61,6.21
4818,"S-JTSK (Ferro)",6818,"S-JTSK (Ferro)",9108,7004,8909,,,,,,,,
4819,"Nord Sahara 1959 (Paris)",6819,"Nord Sahara 1959 (Paris)",9105,7012,8903,,,,,,,,
4820,"Segara (Jakarta)",6820,"Gunung Segara (Jakarta)",9108,7004,8908,,,,,,,,
4901,"ATF (Paris)",6901,"Ancienne Triangulation Francaise (Paris)",9105,7027,8903,,,,,,,,
4902,"NDG (Paris)",6902,"Nord de Guerre (Paris)",9105,7027,8903,,,,,,,,
4903,"Madrid 1870 (Madrid)",6903,"Madrid 1870 (Madrid)",9108,7028,8905,,,,,,,,
4904,"Lisbon 1890 (Lisbon)",6904,"Lisbon 1890 (Lisbon)",9108,7004,8902,,,,,,,,
