"GEOD_TRF_CODE","GEOD_TRF_EPSG_NAME","GEOD_TRF_USER_NAME","DESCRIPTION","SOURCE_HORIZCS_CODE","TARGET_HORIZCS_CODE","COORD_TRF_VARIANT","CONCAT_TRF_AREA_OF_USE","COORD_TRF_PATH_CODE","REVISION_DATE","INFORMATION_SOURCE","DATA_SOURCE","CONCAT_TRF_REMARKS","CHANGE_ID"
8000,Adindan to WGS 84 (1),,DMA-Eth Sud,4201,4326,1,,8400,1996-10-18 00:00:00,,EPSG,,
8001,Adindan to WGS 84 (2),,DMA-Bfa,4201,4326,2,,8401,1996-10-18 00:00:00,,EPSG,,
8002,Adindan to WGS 84 (3),,DMA-Cmr,4201,4326,3,,8402,1996-10-18 00:00:00,,EPSG,,
8003,Adindan to WGS 84 (4),,DMA-Eth,4201,4326,4,,8403,1996-10-18 00:00:00,,EPSG,,
8004,Adindan to WGS 84 (5),,DMA-Mli,4201,4326,5,,8404,1996-10-18 00:00:00,,EPSG,,
8005,Adindan to WGS 84 (6),,DMA-Sen,4201,4326,6,,8405,1996-10-18 00:00:00,,EPSG,,
8006,Adindan to WGS 84 (7),,DMA-Sud,4201,4326,7,,8406,1996-10-18 00:00:00,,EPSG,,
8007,Afgooye to WGS 84 (1),,DMA-Som,4205,4326,1,,8407,1996-10-18 00:00:00,,EPSG,,
8008,AGD66 to WGS 84 (1),,DMA-Aus,4202,4326,1,,8408,1996-10-18 00:00:00,,EPSG,,
8009,AGD84 to WGS 84 (1),,DMA-Aus,4203,4326,1,,8409,1996-10-18 00:00:00,,EPSG,,
8010,Ain el Abd to WGS 84 (1),,DMA-Bhr,4204,4326,1,,8410,1996-10-18 00:00:00,,EPSG,,
8011,Ain el Abd to WGS 84 (2),,DMA-Sau,4204,4326,2,,8411,1996-10-18 00:00:00,,EPSG,,
8012,Amersfoort to WGS 84 (1),,NCG-Nld,4289,4326,1,,8412,1996-10-18 00:00:00,,EPSG,,
8013,Arc 1950 to WGS 84 (1),,DMA-mean,4209,4326,1,,8413,1996-10-18 00:00:00,,EPSG,,
8014,Arc 1950 to WGS 84 (2),,DMA-Bwa,4209,4326,2,,8414,1996-10-18 00:00:00,,EPSG,,
8015,Arc 1950 to WGS 84 (3),,DMA-Bdi,4209,4326,3,,8415,1996-10-18 00:00:00,,EPSG,,
8016,Arc 1950 to WGS 84 (4),,DMA-Lso,4209,4326,4,,8416,1996-10-18 00:00:00,,EPSG,,
8017,Arc 1950 to WGS 84 (5),,DMA-Mwi,4209,4326,5,,8417,1996-10-18 00:00:00,,EPSG,,
8018,Arc 1950 to WGS 84 (6),,DMA-Swz,4209,4326,6,,8418,1996-10-18 00:00:00,,EPSG,,
8019,Arc 1950 to WGS 84 (7),,DMA-Cod,4209,4326,7,,8419,1996-10-18 00:00:00,,EPSG,,
8020,Arc 1950 to WGS 84 (8),,DMA-Zmb,4209,4326,8,,8420,1996-10-18 00:00:00,,EPSG,,
8021,Arc 1950 to WGS 84 (9),,DMA-Zwe,4209,4326,9,,8421,1996-10-18 00:00:00,,EPSG,,
8022,Arc 1960 to WGS 84 (1),,DMA-Ken Tza,4210,4326,1,,8422,1996-10-18 00:00:00,,EPSG,,
8023,Batavia to WGS 84 (1),,DMA-Idn Sumatra,4211,4326,1,,8423,1996-10-18 00:00:00,,EPSG,,
8024,Bermuda 1957 to WGS 84 (1),,DMA-Bmu,4216,4326,1,,8424,1996-10-18 00:00:00,,EPSG,,
8025,Bogota to WGS 84 (1),,DMA-Col,4218,4326,1,,8425,1996-10-18 00:00:00,,EPSG,,
8026,Bukit Rimpah to WGS 84 (1),,DMA-Idn Beli,4219,4326,1,,8426,1996-10-18 00:00:00,,EPSG,,
8027,Campo Inchauspe to WGS 84 (1),,DMA-Arg,4221,4326,1,,8427,1996-10-18 00:00:00,,EPSG,,
8028,Cape to WGS 84 (1),,DMA-Zaf,4222,4326,1,,8428,1996-10-18 00:00:00,,EPSG,,
8029,Cape to WGS 84 (2),,DSLI-Zaf,4222,4326,2,,8429,1996-10-18 00:00:00,,EPSG,,
8030,Carthage to WGS 84 (1),,DMA-Tun,4223,4326,1,,8430,1996-10-18 00:00:00,,EPSG,,
8031,Chua to WGS 84 (1),,DMA-Pry,4224,4326,1,,8431,1996-10-18 00:00:00,,EPSG,,
8032,Corrego Alegre to WGS 84 (1),,DMA-Bra,4225,4326,1,,8432,1996-10-18 00:00:00,,EPSG,,
8033,ED50 to WGS 84 (1),,DMA-mean,4230,4326,1,,8433,1996-10-18 00:00:00,,EPSG,,
8034,ED50 to WGS 84 (2),,DMA-cenEur,4230,4326,2,,8434,1996-10-18 00:00:00,,EPSG,,
8035,ED50 to WGS 84 (3),,DMA-midEast,4230,4326,3,,8435,1996-10-18 00:00:00,,EPSG,,
8036,ED50 to WGS 84 (4),,DMA-Cyp,4230,4326,4,,8436,1996-10-18 00:00:00,,EPSG,,
8037,ED50 to WGS 84 (5),,DMA-Egy,4230,4326,5,,8437,1996-10-18 00:00:00,,EPSG,,
8038,ED50 to WGS 84 (6),,DMA-Irl Gbr,4230,4326,6,,8438,1996-10-18 00:00:00,,EPSG,,
8039,ED50 to WGS 84 (7),,DMA-Fin Nor,4230,4326,7,,8439,1996-10-18 00:00:00,,EPSG,,
8040,ED50 to WGS 84 (8),,DMA-Grc,4230,4326,8,,8440,1996-10-18 00:00:00,,EPSG,,
8041,ED50 to WGS 84 (9),,DMA-Irn,4230,4326,9,,8441,1996-10-18 00:00:00,,EPSG,,
8042,ED50 to WGS 84 (10),,DMA-Ita Sard,4230,4326,10,,8442,1996-10-18 00:00:00,,EPSG,,
8043,ED50 to WGS 84 (11),,DMA-Ita Sic,4230,4326,11,,8443,1996-10-18 00:00:00,,EPSG,,
8044,ED50 to WGS 84 (12),,DMA-Mlt,4230,4326,12,,8444,1996-10-18 00:00:00,,EPSG,,
8045,ED50 to WGS 84 (13),,DMA-Prt Esp,4230,4326,13,,8445,1996-10-18 00:00:00,,EPSG,,
8046,ED50 to WGS 84 (14),,6Nat-NSea,4230,4326,14,Denmark - North Sea;  Germany - North Sea;  Netherlands - offshore;  Norway - North Sea south of 62 deg N; United Kingdom (UKCS) - North Sea south of 62 deg N.,8446,1996-10-18 00:00:00,,EPSG,,
8047,ED50 to WGS 84 (15),,NMA-Nor N65,4230,4326,15,Norway - offshore north of 65 deg N.,8447,1996-10-18 00:00:00,,EPSG,The concatenation of transformations 1147 and 1146 gives the following position vector tfm: dX=-84.491  dY=-100.559  dZ=-114.209 metres rX= -2.4006  rY=-0.5367  rZ=-2.3742 microradians  dS=+0.2947 ppm.,
8048,Egypt 1907 to WGS 84 (1),,DMA-Egy,4229,4326,1,,8448,1996-10-18 00:00:00,,EPSG,,
8049,ETRF89 to WGS 84 (1),,EPSG-eur,4258,4326,1,,8449,1997-06-19 00:00:00,,EPSG,,97.24
8050,GDA94 to WGS 84 (1),,EPSG-Aus,4283,4326,1,,8450,1996-10-18 00:00:00,,EPSG,,
8051,GD49 to WGS 84 (1),,DMA-Nzl,4272,4326,1,,8451,1996-10-18 00:00:00,,EPSG,,
8052,Hu Tzu Shan to WGS 84 (1),,DMA-Twn,4236,4326,1,,8452,1996-10-18 00:00:00,,EPSG,,
8053,Indian 1954 to WGS 84 (1),,DMA-Tha,4239,4326,1,,8453,1996-10-18 00:00:00,,EPSG,,
8054,Indian 1975 to WGS 84 (1),,DMA-Tha,4240,4326,1,,8454,1996-10-18 00:00:00,,EPSG,,
8055,Kalianpur 1937 to WGS 84 (1),,DMA-Bgd,4144,4326,1,,8455,1999-10-20 00:00:00,,EPSG,,97.235
8056,Kalianpur 1975 to WGS 84 (1),,DMA-Ind Npl,4146,4326,1,,8456,1999-10-20 00:00:00,,EPSG,,97.235
8057,Kandawala to WGS 84 (1),,DMA-Lka,4244,4326,1,,8457,1996-10-18 00:00:00,,EPSG,,
8058,Kertau to WGS 84 (1),,DMA-Mys Sgp,4245,4326,1,,8458,1996-10-18 00:00:00,,EPSG,,
8059,Leigon to WGS 84 (1),,DMA-Gha,4250,4326,1,,8459,1996-10-18 00:00:00,,EPSG,,
8060,Liberia 1964 to WGS 84 (1),,DMA-Lbr,4251,4326,1,,8460,1996-10-18 00:00:00,,EPSG,,
8061,Luzon 1911 to WGS 84 (1),,DMA-Phl N,4253,4326,1,,8461,1996-10-18 00:00:00,,EPSG,,
8062,Luzon 1911 to WGS 84 (2),,DMA-Phl Min,4253,4326,2,,8462,1996-10-18 00:00:00,,EPSG,,
8063,M'poraloko to WGS 84 (1),,DMA-Gab,4266,4326,1,,8463,1996-10-18 00:00:00,,EPSG,,
8064,Mahe 1971 to WGS 84 (1),,DMA-Syc,4256,4326,1,,8464,1996-10-18 00:00:00,,EPSG,,
8065,Massawa to WGS 84 (1),,DMA-Eth,4262,4326,1,,8465,1996-10-18 00:00:00,,EPSG,,
8066,Merchich to WGS 84 (1),,DMA-Mar,4261,4326,1,,8466,1996-10-18 00:00:00,,EPSG,,
8067,Minna to WGS 84 (1),,DMA-Cmr,4263,4326,1,,8467,1996-10-18 00:00:00,,EPSG,,
8068,Minna to WGS 84 (2),,DMA-Nga,4263,4326,2,,8468,1996-10-18 00:00:00,,EPSG,,
8069,Monte Mario to WGS 84 (1),,DMA-Ita Sar,4265,4326,1,,8469,1996-10-18 00:00:00,,EPSG,,
8070,NAD27 to WGS 84 (1),,DMA-Carib,4267,4326,1,,8470,1996-10-18 00:00:00,,EPSG,,
8071,NAD27 to WGS 84 (2),,DMA-Cen Am,4267,4326,2,,8471,1996-10-18 00:00:00,,EPSG,,
8072,NAD27 to WGS 84 (3),,DMA-Can,4267,4326,3,,8472,1996-10-18 00:00:00,,EPSG,,
8073,NAD27 to WGS 84 (4),,DMA-Conus,4267,4326,4,,8473,1996-10-18 00:00:00,,EPSG,,
8074,NAD27 to WGS 84 (5),,DMA-ConusE,4267,4326,5,,8474,1996-10-18 00:00:00,,EPSG,,
8075,NAD27 to WGS 84 (6),,DMA-ConusW,4267,4326,6,,8475,1996-10-18 00:00:00,,EPSG,,
8076,NAD27 to WGS 84 (7),,DMA-USA AK,4267,4326,7,,8476,1996-10-18 00:00:00,,EPSG,,
8077,NAD27 to WGS 84 (8),,DMA-Bha xSalv,4267,4326,8,,8477,1996-10-18 00:00:00,,EPSG,,
8078,NAD27 to WGS 84 (9),,DMA-Bha Salv,4267,4326,9,,8478,1996-10-18 00:00:00,,EPSG,,
8079,NAD27 to WGS 84 (10),,DMA-Can AB BC,4267,4326,10,,8479,1996-10-18 00:00:00,,EPSG,,
8080,NAD27 to WGS 84 (11),,DMA-Can MN ON,4267,4326,11,,8480,1996-10-18 00:00:00,,EPSG,,
8081,NAD27 to WGS 84 (12),,DMA-Can E,4267,4326,12,,8481,1996-10-18 00:00:00,,EPSG,,
8082,NAD27 to WGS 84 (13),,DMA-Can NWT,4267,4326,13,,8482,1996-10-18 00:00:00,,EPSG,,
8083,NAD27 to WGS 84 (14),,DMA-Can Yuk,4267,4326,14,,8483,1996-10-18 00:00:00,,EPSG,,
8084,NAD27 to WGS 84 (15),,DMA-Pan,4267,4326,15,,8484,1996-10-18 00:00:00,,EPSG,,
8085,NAD27 to WGS 84 (16),,DMA-Cuba,4267,4326,16,,8485,1996-10-18 00:00:00,,EPSG,,
8086,NAD27 to WGS 84 (17),,DMA-Grl,4267,4326,17,,8486,1996-10-18 00:00:00,,EPSG,,
8087,NAD27 to WGS 84 (18),,DMA-Mex,4267,4326,18,,8487,1996-10-18 00:00:00,,EPSG,,
8088,NAD83 to WGS 84 (1),,DMA-N Am,4269,4326,1,,8488,1996-10-18 00:00:00,,EPSG,,
8089,Nahrwan 1967 to WGS 84 (1),,DMA-Omn Mas,4270,4326,1,,8489,1996-10-18 00:00:00,,EPSG,,
8090,Nahrwan 1967 to WGS 84 (2),,DMA-Sau,4270,4326,2,,8490,1996-10-18 00:00:00,,EPSG,,
8091,Nahrwan 1967 to WGS 84 (3),,DMA-UAE,4270,4326,3,,8491,1996-10-18 00:00:00,,EPSG,,
8092,Naparima 1972 to WGS 84 (1),,DMA-Tto,4271,4326,1,,8492,1998-06-30 00:00:00,,EPSG,,98.102
8093,NTF to WGS 84 (1),,IGN-Fra,4275,4326,1,,8493,1996-10-18 00:00:00,,EPSG,,
8094,NTF (Paris) to WGS 84 (1),,EPSG-Fra,4807,4326,1,France..,8494,1996-10-18 00:00:00,,EPSG,,
8095,OSGB 1936 to WGS 84 (1),,DMA-Gbr,4277,4326,1,,8495,1996-10-18 00:00:00,,EPSG,,
8096,OSGB 1936 to WGS 84 (2),,DMA-Gbr Eng,4277,4326,2,,8496,1996-10-18 00:00:00,,EPSG,,
8097,OSGB 1936 to WGS 84 (3),,DMA-Gbr E&W,4277,4326,3,,8497,1996-10-18 00:00:00,,EPSG,,
8098,OSGB 1936 to WGS 84 (4),,DMA-Gbr Sco,4277,4326,4,,8498,1996-10-18 00:00:00,,EPSG,,
8099,OSGB 1936 to WGS 84 (5),,DMA-Gbr Wal,4277,4326,5,,8499,1996-10-18 00:00:00,,EPSG,,
8100,Pointe Noire to WGS 84 (1),,DMA-Cog,4282,4326,1,,8500,1996-10-18 00:00:00,,EPSG,,
8101,PSAD56 to WGS 84 (1),,DMA-mean,4248,4326,1,,8501,1996-10-18 00:00:00,,EPSG,,
8102,PSAD56 to WGS 84 (2),,DMA-Bol,4248,4326,2,,8502,1996-10-18 00:00:00,,EPSG,,
8103,PSAD56 to WGS 84 (3),,DMA-Chl N,4248,4326,3,,8503,1996-10-18 00:00:00,,EPSG,,
8104,PSAD56 to WGS 84 (4),,DMA Chl S,4248,4326,4,,8504,1996-10-18 00:00:00,,EPSG,,
8105,PSAD56 to WGS 84 (5),,DMA-Col,4248,4326,5,,8505,1996-10-18 00:00:00,,EPSG,,
8106,PSAD56 to WGS 84 (6),,DMA-Ecu,4248,4326,6,,8506,1996-10-18 00:00:00,,EPSG,,
8107,PSAD56 to WGS 84 (7),,DMA-Guy,4248,4326,7,,8507,1996-10-18 00:00:00,,EPSG,,
8108,PSAD56 to WGS 84 (8),,DMA-Per,4248,4326,8,,8508,1996-10-18 00:00:00,,EPSG,,
8109,PSAD56 to WGS 84 (9),,DMA-Ven,4248,4326,9,,8509,1996-10-18 00:00:00,,EPSG,,
8110,Qatar to WGS 84 (1),,DMA-Qat,4285,4326,1,,8510,1996-10-18 00:00:00,,EPSG,,
8111,Qornoq to WGS 84 (1),,DMA-Grl S,4287,4326,1,,8511,1996-10-18 00:00:00,,EPSG,,
8112,SAD69 to WGS 84 (1),,DMA-mean,4291,4326,1,,8512,1996-10-18 00:00:00,,EPSG,,
8113,SAD69 to WGS 84 (2),,DMA-Arg,4291,4326,2,,8513,1996-10-18 00:00:00,,EPSG,,
8114,SAD69 to WGS 84 (3),,DMA-Bol,4291,4326,3,,8514,1996-10-18 00:00:00,,EPSG,,
8115,SAD69 to WGS 84 (4),,DMA-Bra,4291,4326,4,,8515,1996-10-18 00:00:00,,EPSG,,
8116,SAD69 to WGS 84 (5),,DMA-Chile,4291,4326,5,,8516,1996-10-18 00:00:00,,EPSG,,
8117,SAD69 to WGS 84 (6),,DMA-Col,4291,4326,6,,8517,1996-10-18 00:00:00,,EPSG,,
8118,SAD69 to WGS 84 (7),,DMA-Ecu,4291,4326,7,,8518,1996-10-18 00:00:00,,EPSG,,
8119,SAD69 to WGS 84 (8),,DMA-Ecu Gal,4291,4326,8,,8519,1996-10-18 00:00:00,,EPSG,,
8120,SAD69 to WGS 84 (9),,DMA-Guyana,4291,4326,9,,8520,1996-10-18 00:00:00,,EPSG,,
8121,SAD69 to WGS 84 (10),,DMA-Pgy,4291,4326,10,,8521,1996-10-18 00:00:00,,EPSG,,
8122,SAD69 to WGS 84 (11),,DMA-Peru,4291,4326,11,,8522,1996-10-18 00:00:00,,EPSG,,
8123,SAD69 to WGS 84 (12),,DMA-Tto,4291,4326,12,,8523,1996-10-18 00:00:00,,EPSG,,
8124,SAD69 to WGS 84 (13),,DMA-Ven,4291,4326,13,,8524,1996-10-18 00:00:00,,EPSG,,
8125,Sapper Hill 1943 to WGS 84 (1),,DMA-Flk E,4292,4326,1,,8525,1996-10-18 00:00:00,,EPSG,,
8126,Schwarzeck to WGS 84 (1),,DMA-Nam,4293,4326,1,,8526,1996-10-18 00:00:00,,EPSG,,
8127,Tananarive to WGS 84 (1),,DMA-Mdg,4297,4326,1,,8527,1996-10-18 00:00:00,,EPSG,,
8128,Timbalai 1948 to WGS 84 (1),,DMA-Borneo,4298,4326,1,,8528,1996-10-18 00:00:00,,EPSG,,
8129,TM65 to WGS 84 (1),,DMA-Ire,4299,4326,1,,8529,1996-10-18 00:00:00,,EPSG,,
8130,Tokyo to WGS 84 (1),,DMA-Jpn Kor,4301,4326,1,,8530,1996-10-18 00:00:00,,EPSG,,
8131,Tokyo to WGS 84 (2),,DMA-Jpn,4301,4326,2,,8531,1996-10-18 00:00:00,,EPSG,,
8132,Tokyo to WGS 84 (3),,DMA-Kor,4301,4326,3,,8532,1996-10-18 00:00:00,,EPSG,,
8133,Tokyo to WGS 84 (4),,DMA-Jpn Ok,4301,4326,4,,8533,1996-10-18 00:00:00,,EPSG,,
8134,Yacare to WGS 84 (1),,DMA-Ury,4309,4326,1,,8534,1996-10-18 00:00:00,,EPSG,,
8135,Zanderij to WGS 84 (1),,DMA-Sur,4311,4326,1,,8535,1996-10-18 00:00:00,,EPSG,,
8136,ED50 to ED87 (1),,6Nat-NSea,4230,4231,1,,8536,1996-10-18 00:00:00,,EPSG,,
8137,ED87 to WGS 84 (1),,6Nat-NSea,4231,4326,1,,8537,1996-10-18 00:00:00,,EPSG,,
8138,ED50 to ED87 (2),,NMA-Nor N65,4230,4231,2,,8538,1996-10-18 00:00:00,,EPSG,,
8139,AGD84 to WGS 84 (2),,Auslig-Aus old,4203,4326,2,,8539,1996-12-12 00:00:00,,EPSG,,
8140,WGS 72 to WGS 84 (1),,DMA,4322,4326,1,,8540,1996-12-12 00:00:00,,EPSG,,
8141,WGS 72 to WGS 84 (2),,,4322,4326,2,,8541,1996-12-12 00:00:00,,EPSG,,
8142,WGS 72BE to WGS 72 (1),,,4324,4322,1,,8542,1996-12-12 00:00:00,,EPSG,,
8143,WGS 72BE to WGS 84 (1),,,4324,4326,1,,8543,1996-12-12 00:00:00,,EPSG,,
8144,NAD27 to NAD83 (1),,NGS-Conus,4267,4269,1,,8544,1996-12-12 00:00:00,,EPSG,,
8146,NAD27 to NAD83 (2),,NGS-Usa AK,4267,4269,2,,8546,1996-12-12 00:00:00,,EPSG,,
8148,ED50 to WGS 84 (16),,DMA-Tun,4230,4326,16,,8548,1997-06-12 00:00:00,,EPSG,,
8149,Herat North to WGS 84 (1),,DMA-Afg,4255,4326,1,,8549,1997-06-12 00:00:00,,EPSG,,
8150,Kalianpur 1962 to WGS 84 (1),,DMA-Pak,4145,4326,1,,8550,1999-10-20 00:00:00,,EPSG,,97.235
8151,ID74 to WGS 84 (1),,DMA-Idn,4238,4326,1,,8551,1997-06-12 00:00:00,,EPSG,,
8152,NAD27 to WGS 84 (21),,DMA-AK AluE,4267,4326,21,,8552,1997-04-11 00:00:00,,EPSG,,
8153,NAD27 to WGS 84 (22),,DMA-AK AluW,4267,4326,22,,8553,1997-04-11 00:00:00,,EPSG,,
8154,NAD83 to WGS 84 (2),,DMA-AK Alu,4269,4326,2,,8554,1997-04-11 00:00:00,,EPSG,,
8155,NAD83 to WGS 84 (3),,DMA-USA Hi,4269,4326,3,,8555,1997-04-11 00:00:00,,EPSG,,
8156,Nord Sahara 1959 to WGS 84 (1),,DMA-Alg,4307,4326,1,,8556,1997-04-11 00:00:00,,EPSG,,
8157,Pulkovo 1942 to WGS 84 (1),,DMA-Rus,4284,4326,1,,8557,1997-04-11 00:00:00,,EPSG,,
8158,Voirol Unifie to WGS 84 (1),,DMA-Alg N,4305,4326,1,,8558,1997-04-11 00:00:00,,EPSG,,98.15
8159,Fahud to WGS 84 (1),,DMA-Omn,4232,4326,1,,8559,1997-04-11 00:00:00,,EPSG,,
8160,NTF (Paris) to NTF (1),,IGN-Fra,4807,4275,1,,8560,1997-04-11 00:00:00,,EPSG,,
8161,Bern 1898 (Bern) to Bern 1898 (1),,BfL-CH,4801,4217,1,,8561,1997-04-11 00:00:00,,EPSG,,
8162,Bogota (Bogota) to Bogota (1),,IGAC-Col,4802,4218,1,,8562,1997-04-11 00:00:00,,EPSG,,
8163,Lisbon (Lisbon) to Lisbon (1),,IGC-Prt,4803,4207,1,,8564,1997-04-11 00:00:00,,EPSG,,
8164,Makassar (Jakarta) to Makassar (1),,EPSG-Idn Sulawesi,4804,4257,1,,8565,1997-04-11 00:00:00,,EPSG,,
8165,MGI (Ferro) to MGI (1),,BEV-Aut balk,4805,4312,1,,8566,1997-04-11 00:00:00,,EPSG,,
8166,Monte Mario (Rome) to Monte Mario (1),,EPSG-Ita,4806,4265,1,,8567,1997-04-11 00:00:00,,EPSG,,
8167,Padang (Jakarta) to Padang (1),,EPSG-Idn Sumatra,4808,4280,1,,8569,1997-04-11 00:00:00,,EPSG,,
8168,Belge 1950 (Brussels) to Belge 1950 (1),,IGN-Bel,4809,4215,1,,8570,1997-04-11 00:00:00,,EPSG,,
8169,Tananarive (Paris) to Tananarive (1),,EPSG-Mdg,4810,4297,1,,8571,1997-04-11 00:00:00,,EPSG,,
8170,Voirol 1875 (Paris) to Voirol 1875 (1),,IGN-Dza,4811,4304,1,,8573,1997-04-11 00:00:00,,EPSG,,
8171,Voirol Unifie (Paris) to Voirol Unifie(1,,IGN-Dza,4812,4305,1,,8574,1997-04-11 00:00:00,,EPSG,,
8172,Batavia (Jakarta) to Batavia (1),,EPSG-Idn Java,4813,4211,1,,8576,1997-04-11 00:00:00,,EPSG,,
8173,RT38 (Stockholm) to RT38 (1),,NLS-Swe,4814,4308,1,,8578,1997-04-11 00:00:00,,EPSG,,
8174,Bogota (Bogota) to WGS 84 (1),,EPSG-Col,4802,4326,1,Colombia.,8563,1997-04-11 00:00:00,,EPSG,,
8175,Monte Mario (Rome) to WGS 84 (1),,EPSG-Ita,4806,4326,1,Italy (Sardinia).,8568,1997-04-11 00:00:00,,EPSG,,
8176,Tananarive (Paris) to WGS 84 (1),,EPSG-Mdg,4810,4326,1,Madagascar.,8572,1997-04-11 00:00:00,,EPSG,,
8177,Voirol Unifie (Paris) to WGS 84 (1),,EPSG-Dza N,4812,4326,1,Algeria - north of 35g (31 deg 30 min) North,8575,1997-04-11 00:00:00,,EPSG,,
8178,Batavia (Jakarta) to WGS 84 (1),,EPSG-Idn Sumatra,4813,4326,1,Indonesia (Sumatra).,8577,1997-04-11 00:00:00,,EPSG,,
8179,Greek (Athens) to Greek (1),,NTU-Grc,4815,4120,1,,8579,1998-12-14 00:00:00,,EPSG,,98.52
8180,Schwarzeck to WGS 84 (2),,SLI-Nam,4293,4326,2,,8580,1998-11-19 00:00:00,,EPSG,,98.46
8181,GGRS87 to WGS 84 (1),,Hel-Grc,4121,4326,1,,8581,1997-06-16 00:00:00,,EPSG,,
8182,HD72 to ETRF89 (1),,ELTE-Hun,4237,4258,1,,8582,1997-11-13 00:00:00,,EPSG,,97.47
8183,HD72 to WGS 84 (1),,EPSG-Hun,4237,4326,1,Hungary.,8583,1997-07-22 00:00:00,,EPSG,For many purposes ETRF89 can be assumed to be coincident with WGS 84.,
8184,ED50 to WGS 84 (17),,IGN-Fra,4230,4326,17,,8584,1997-11-13 00:00:00,,EPSG,,
8185,NTF to ED50 (1),,IGN-Fra,4275,4230,1,,8585,1997-11-13 00:00:00,,EPSG,,
8186,NTF (Paris) to ED50 (1),,EPSG-Fra,4807,4230,1,France,8586,1997-11-13 00:00:00,,EPSG,,
8187,NTF to WGS 72 (1),,IGN-Fra,4275,4322,1,,8587,1997-11-13 00:00:00,,EPSG,,
8188,NTF (Paris) to WGS 72 (1),,EPSG-Fra,4807,4322,1,France.,8588,1997-11-13 00:00:00,,EPSG,,
8189,AGD66 to GDA94 (1),,Auslig-Aus 5m,4202,4283,1,,8589,1997-11-13 00:00:00,,EPSG,,
8190,AGD66 to WGS 84 (2),,EPSG-Aus 5m,4202,4326,2,Australia..,8590,1998-12-16 00:00:00,,EPSG,For many purposes GDA94 can be assumed to be coincident with WGS 84.,98.50
8191,AGD84 to GDA94 (1),,Auslig-Aus 5m,4203,4283,1,,8591,1997-11-13 00:00:00,,EPSG,,
8192,AGD84 to WGS 84 (3),,EPSG-Aus 5m,4203,4326,3,Australia,8592,1998-12-16 00:00:00,,EPSG,For many purposes GDA94 can be assumed to be coincident with WGS 84.,98.50
8193,AGD84 to GDA94 (2),,Auslig-Aus 1m,4203,4283,2,,8593,1997-11-13 00:00:00,,EPSG,,
8194,AGD84 to WGS 84 (4),,EPSG-Aus 1m,4203,4326,4,Australia.,8594,1998-12-16 00:00:00,,EPSG,For many purposes GDA94 can be assumed to be coincident with WGS 84.,98.50
8195,RT90 to WGS 84 (1),,EPSG-Swe,4124,4326,1,Sweden.,8595,1999-04-22 00:00:00,,EPSG,For many purposes ETRF89 can be assumed to be coincident with WGS 84.,99.11
8196,Samboja to WGS 84 (1),,TOT-Idn Mah,4125,4326,1,,8596,1997-11-13 00:00:00,,EPSG,,
8197,Pulkovo 1942 to LKS94 (1),,HNIT-Ltu,4284,4126,1,,8597,1998-03-12 00:00:00,,EPSG,,
8198,LKS94 to WGS 84 (1),,HNIT-Ltu,4126,4326,1,,8598,1998-04-16 00:00:00,,EPSG,For many purposes LKS94 can be assumed to be coincident with WGS 84.,98.13
8199,Pulkovo 1942 to WGS 84 (2),,EPSG-Ltu,4284,4326,2,Lithuania.,8609,1998-03-12 00:00:00,,EPSG,For many purposes LKS94 can be assumed to be coincident with WGS 84.,
8200,Pulkovo 1942 to WGS 84 (3),,NIMA-Hun,4284,4326,3,,8602,1998-03-12 00:00:00,,EPSG,,
8201,Pulkovo 1942 to WGS 84 (4),,NIMA-Pol,4284,4326,4,,8603,1998-03-12 00:00:00,,EPSG,,
8202,Pulkovo 1942 to WGS 84 (5),,NIMA-Cze,4284,4326,5,,8604,1998-03-12 00:00:00,,EPSG,,
8203,Pulkovo 1942 to WGS 84 (6),,NIMA-Lva,4284,4326,6,,8605,1998-03-12 00:00:00,,EPSG,,
8204,Pulkovo 1942 to WGS 84 (7),,NIMA-Kaz,4284,4326,7,,8606,1998-03-12 00:00:00,,EPSG,,
8205,Pulkovo 1942 to WGS 84 (8),,NIMA-Alb,4284,4326,8,,8607,1998-03-12 00:00:00,,EPSG,,
8206,Pulkovo 1942 to WGS 84 (9),,NIMA-Rom,4284,4326,9,,8608,1998-03-12 00:00:00,,EPSG,,
8207,Arc 1960 to WGS 84 (2),,NIMA-Ken,4210,4326,2,,8599,1998-03-12 00:00:00,,EPSG,,
8208,Arc 1960 to WGS 84 (3),,NIMA-Tza,4210,4326,3,,8600,1998-03-12 00:00:00,,EPSG,,
8209,Segora to WGS 84 (1),,NIMA-Idn Kal,4294,4326,1,,8601,1998-03-12 00:00:00,,EPSG,,
8210,Voirol 1875 to WGS 84 (1),,NIMA-Dza N,4304,4326,1,,8610,1998-03-12 00:00:00,,EPSG,,
8211,Voirol 1875 (Paris) to WGS 84 (1),,EPSG-Dza N,4811,4326,1,Algeria - north of 35g (31 deg 30 min) North.,8611,1998-03-12 00:00:00,,EPSG,,
8212,Naparima 1972 to WGS 84 (2),,MEEI-Tto,4271,4326,2,,8612,1998-04-16 00:00:00,,EPSG,,
8213,Trinidad 1903 to WGS 84 (1),,MEEI-Trin,4302,4326,1,,8613,1998-04-16 00:00:00,,EPSG,,
8214,Tete to Moznet (1),,DNGC-Moz,4127,4130,1,,8614,1998-04-16 00:00:00,,EPSG,,
8215,Tete to WGS 84 (1),,EPSG-Moz,4127,4326,1,Mozambique - average for whole country.,8615,1998-04-16 00:00:00,,EPSG,For many purposes Moznet can be assumed to be coincident with WGS 84.,
8216,Tete to Moznet (2),,DNGC-Moz A,4127,4130,2,,8616,1998-04-16 00:00:00,,EPSG,,
8217,Tete to WGS 84 (2),,EPSG-Moz A,4127,4326,2,Mozambique - Maputo province and southern part of Gaza province; i.e. south of approximately 24 deg S.,8617,1998-04-16 00:00:00,,EPSG,For many purposes Moznet can be assumed to be coincident with WGS 84.,
8218,Tete to Moznet (3),,DNGC-Moz B,4127,4130,3,,8618,1998-04-16 00:00:00,,EPSG,,
8219,Tete to WGS 84 (3),,EPSG-Moz B,4127,4326,3,Mozambique - provinces of Gaza; Inhambane and southern parts of Sofala and Manhica; i.e. between approximately 24 and 20 deg South.,8619,1998-04-16 00:00:00,,EPSG,For many purposes Moznet can be assumed to be coincident with WGS 84.,
8220,Tete to Moznet (4),,DNGC-Moz C,4127,4130,4,,8620,1998-04-16 00:00:00,,EPSG,,
8221,Tete to WGS 84 (4),,EPSG-Moz C,4127,4326,4,Mozambique - provinces of Sofala north of Beira corridor; Manhica; Tete and Zambezia; i.e. between approximately 20 and 16 deg South.,8621,1998-04-16 00:00:00,,EPSG,For many purposes Moznet can be assumed to be coincident with WGS 84.,
8222,Tete to Moznet (5),,DNGC-Moz D,4127,4130,5,,8622,1998-04-16 00:00:00,,EPSG,,
8223,Tete to WGS 84 (5),,EPSG-Moz D,4127,4326,5,Mozambique - provinces of Nampula; Niassa; Cabo Delgado; i.e. north of approximately 16 deg S.,8623,1998-04-16 00:00:00,,EPSG,For many purposes Moznet can be assumed to be coincident with WGS 84.,
8224,Moznet to WGS 84 (1),,EPSG-Moz,4130,4326,1,,8624,1998-04-16 00:00:00,,EPSG,,
8225,Pulkovo 1942 to WGS 84 (10),,KCS-Kaz Cas,4284,4326,10,,8625,1998-04-16 00:00:00,,EPSG,,
8226,Indian 1975 to WGS 84 (2),,NIMA-Tha,4240,4326,2,,8626,1998-04-16 00:00:00,,EPSG,,
8227,Tokyo to WGS 84 (5),,NIMA-Kor,4301,4326,5,,8627,1998-11-19 00:00:00,,EPSG,,98.46
8228,MGI to WGS 84 (1),,NIMA-balk,4312,4326,1,,8628,1998-04-16 00:00:00,,EPSG,,
8229,Naparima 1972 to WGS 84 (3),,NIMA-Tto,4271,4326,3,,8629,1998-04-16 00:00:00,,EPSG,,
8233,DHDN to ETRF89 (1),,IfAG-Deu W,4314,4258,1,,8633,1998-06-30 00:00:00,,EPSG,,
8234,DHDN to WGS 84 (1),,EPSG-Deu W,4314,4326,1,Germany - former west Germany.,8634,1998-06-30 00:00:00,EPSG,EPSG,For many purposes ETRF89 can be assumed to be coincident with WGS 84.,
8235,Pulkovo 1942 to ETRF89 (1),,IfAG-Deu E,4284,4258,1,,8635,1998-06-30 00:00:00,,EPSG,,
8236,Pulkovo 1942 to WGS 84 (11),,EPSG-Deu E,4284,4326,11,Germany - former east Germany - Brandenburg; Mecklenburg-Vorpommern; Sachsen-Anhalt.,8636,1998-06-30 00:00:00,,EPSG,For many purposes ETRF89 can be assumed to be coincident with WGS 84.,
8237,ED50 to WGS 84 (Common Offshore),,UKOOA-CO,4230,4326,18,,8637,1998-06-30 00:00:00,,EPSG,,98.27
8238,Madrid 1870 (Madrid) to ED50 (1),,IGB-Esp,4903,4230,1,,8638,1998-11-11 00:00:00,,EPSG,,
8239,Madrid 1870 (Madrid) to ED50 (2),,IGB-Esp N,4903,4230,2,,8639,1998-11-11 00:00:00,,EPSG,,
8240,Madrid 1870 (Madrid) to ED50 (3),,IGB-Esp S,4903,4230,3,,8640,1998-11-11 00:00:00,,EPSG,,
8241,Madrid 1870 (Madrid) to WGS 84 (1),,EPSG-Esp,4903,4326,1,Spain.,8641,1998-11-11 00:00:00,,EPSG,,
8242,NAD27 to NAD83 (3),,GC-Can NT1,4267,4269,3,,8642,1998-11-11 00:00:00,,EPSG,,98.57
8243,NAD27 to WGS 84 (25),,EPSG-Can old,4267,4326,25,Canada,8643,1998-11-11 00:00:00,,EPSG,For many purposes NAD83 can be assumed to be coincident with WGS 84.,
8244,NAD27 to NAD83 (4),,GC-Can,4267,4269,4,,8644,1998-11-11 00:00:00,,EPSG,,98.57
8245,NAD27 to WGS 84 (26),,EPSG-Can,4267,4326,26,Canada.,8645,1998-11-11 00:00:00,,EPSG,For many purposes NAD83 can be assumed to be coincident with WGS 84.,
8246,OSGB 1936 to WGS 84 (Petroleum),,UKOOA-Pet,4277,4326,6,,8646,1998-11-11 00:00:00,,EPSG,,
8247,OSGB 1936 to ED50 (UKOOA),,UKOOA-UKCS,4277,4230,1,,8647,1998-11-11 00:00:00,,EPSG,,
8248,Manoca to WGS 84 (1),,SCS-Cmr,4260,4326,1,,8648,1998-11-11 00:00:00,,EPSG,,
8249,Camacupa to WGS 72BE (1),,GSI-Ago,4220,4324,1,,8649,1998-11-11 00:00:00,,EPSG,,
8250,Camacupa to WGS 84 (1),,CON-Ago B5,4220,4326,1,,8650,1998-11-11 00:00:00,,EPSG,,
8251,Camacupa to WGS 84 (2),,TEX-Ago B2,4220,4326,2,,8651,1998-11-11 00:00:00,,EPSG,,
8252,Camacupa to WGS 84 (3),,SHL-Ago old,4220,4326,3,,8652,1998-11-11 00:00:00,,EPSG,,
8253,Camacupa to WGS 84 (4),,GSI-Ago,4220,4326,4,,8653,1998-11-11 00:00:00,,EPSG,,
8254,Camacupa to WGS 84 (5),,ELF-Ago B3 old,4220,4326,5,,8654,1998-11-11 00:00:00,,EPSG,,
8255,Camacupa to WGS 84 (6),,ELF-Ago B7 old,4220,4326,6,,8655,1998-11-11 00:00:00,,EPSG,,
8256,Camacupa to WGS 84 (7),,ELF-Ago B15,4220,4326,7,,8656,1998-11-11 00:00:00,,EPSG,,
8257,Camacupa to WGS 84 (8),,ELF-Ago B2 old,4220,4326,8,,8657,1998-11-11 00:00:00,,EPSG,,
8258,Camacupa to WGS 84 (9),,SHL-Ago B16,4220,4326,9,,8658,1998-11-11 00:00:00,,EPSG,,
8259,Camacupa to WGS 84 (10),,ELF-Ago N,4220,4326,10,,8659,1998-11-11 00:00:00,,EPSG,,
8260,Malongo 1987 to Mhast (1),,CHV-Ago Cab,4259,4264,1,,8660,1998-11-11 00:00:00,,EPSG,,
8261,Mhast to WGS 84 (1),,CHV-Ago Cab,4264,4326,1,,8661,1998-11-11 00:00:00,,EPSG,,
8262,Malongo 1987 to WGS 84 (1),,CHV-Ago Cab,4259,4326,1,,8662,1998-11-11 00:00:00,,EPSG,,
8263,MGI (Ferro) to WGS 84 (1),,DMA-balk,4805,4326,1,MEAN FOR Boznia and Herzegovina; Croatia; Serbia; Slovenia.,8663,1998-12-14 00:00:00,,EPSG,,
8264,EST92 to ETRF89 (1),,UT-Est,4133,4258,1,,8664,1998-12-14 00:00:00,,EPSG,,
8265,Pulkovo 1942 to EST92 (1),,UT-Est,4284,4133,1,,8665,1998-12-14 00:00:00,,EPSG,,
8266,EST92 to WGS 84 (1),,UT-Est,4133,4326,1,,8666,1998-12-14 00:00:00,,EPSG,,
8267,Pulkovo 1942 to WGS 84 (12),,UT-Est,4284,4326,12,,8667,1998-12-14 00:00:00,,EPSG,,
8268,Tokyo to WGS 84 (6),,GSI-Jpn 452141,4301,4326,6,,8668,1998-12-14 00:00:00,,EPSG,,
8269,Tokyo to WGS 84 (7),,GSI-Jpn 452142,4301,4326,7,,8669,1998-12-14 00:00:00,,EPSG,,
8270,Tokyo to WGS 84 (8),,GSI-Jpn 444141,4301,4326,8,,8670,1998-12-14 00:00:00,,EPSG,,
8271,Tokyo to WGS 84 (9),,GSI-Jpn 444142,4301,4326,9,,8671,1998-12-14 00:00:00,,EPSG,,
8272,Tokyo to WGS 84 (10),,GSI-Jpn 440141,4301,4326,10,,8672,1998-12-14 00:00:00,,EPSG,,
8273,Tokyo to WGS 84 (11),,GSI-Jpn 440142,4301,4326,11,,8673,1998-12-14 00:00:00,,EPSG,,
8274,Tokyo to WGS 84 (12),,GSI-Jpn 440143,4301,4326,12,,8674,1998-12-14 00:00:00,,EPSG,,
8275,Tokyo to WGS 84 (13),,GSI-Jpn 440144,4301,4326,13,,8675,1998-12-14 00:00:00,,EPSG,,
8276,Tokyo to WGS 84 (14),,GSI-Jpn 432141,4301,4326,14,,8676,1998-12-14 00:00:00,,EPSG,,
8277,Tokyo to WGS 84 (15),,GSI-Jpn 432142,4301,4326,15,,8677,1998-12-14 00:00:00,,EPSG,,
8278,Tokyo to WGS 84 (16),,GSI-Jpn 432143,4301,4326,16,,8678,1998-12-14 00:00:00,,EPSG,,
8279,Tokyo to WGS 84 (17),,GSI-Jpn 432144,4301,4326,17,,8679,1998-12-14 00:00:00,,EPSG,,
8280,Tokyo to WGS 84 (18),,GSI-Jpn 432145,4301,4326,18,,8680,1998-12-14 00:00:00,,EPSG,,
8281,Tokyo to WGS 84 (19),,GSI-Jpn 424140,4301,4326,19,,8681,1998-12-14 00:00:00,,EPSG,,
8282,Tokyo to WGS 84 (20),,GSI-Jpn 424141,4301,4326,20,,8682,1998-12-14 00:00:00,,EPSG,,
8283,Tokyo to WGS 84 (21),,GSI-Jpn 424142,4301,4326,21,,8683,1998-12-14 00:00:00,,EPSG,,
8284,Tokyo to WGS 84 (22),,GSI-Jpn 424143,4301,4326,22,,8684,1998-12-14 00:00:00,,EPSG,,
8285,Tokyo to WGS 84 (23),,GSI-Jpn 424144,4301,4326,23,,8685,1998-12-14 00:00:00,,EPSG,,
8286,Tokyo to WGS 84 (24),,GSI-Jpn 424145,4301,4326,24,,8686,1998-12-14 00:00:00,,EPSG,,
8287,Tokyo to WGS 84 (25),,GSI-Jpn 420139,4301,4326,25,,8687,1998-12-14 00:00:00,,EPSG,,
8288,Tokyo to WGS 84 (26),,GSI-Jpn 420140,4301,4326,26,,8688,1998-12-14 00:00:00,,EPSG,,
8289,Tokyo to WGS 84 (27),,GSI-Jpn,4301,4326,27,,8689,1998-12-14 00:00:00,,EPSG,,
8290,Tokyo to WGS 84 (28),,GSI-Jpn,4301,4326,28,,8690,1998-12-14 00:00:00,,EPSG,,
8291,Tokyo to WGS 84 (29),,GSI-Jpn,4301,4326,29,,8691,1998-12-14 00:00:00,,EPSG,,
8292,Tokyo to WGS 84 (30),,GSI-Jpn,4301,4326,30,,8692,1998-12-14 00:00:00,,EPSG,,
8293,Tokyo to WGS 84 (31),,GSI-Jpn,4301,4326,31,,8693,1998-12-14 00:00:00,,EPSG,,
8294,Tokyo to WGS 84 (32),,GSI-Jpn,4301,4326,32,,8694,1998-12-14 00:00:00,,EPSG,,
8295,Tokyo to WGS 84 (33),,GSI-Jpn,4301,4326,33,,8695,1998-12-14 00:00:00,,EPSG,,
8296,Tokyo to WGS 84 (34),,GSI-Jpn,4301,4326,34,,8696,1998-12-14 00:00:00,,EPSG,,
8297,Tokyo to WGS 84 (35),,GSI-Jpn,4301,4326,35,,8697,1998-12-14 00:00:00,,EPSG,,
8298,Tokyo to WGS 84 (36),,GSI-Jpn,4301,4326,36,,8698,1998-12-14 00:00:00,,EPSG,,
8299,Tokyo to WGS 84 (37),,GSI-Jpn,4301,4326,37,,8699,1998-12-14 00:00:00,,EPSG,,
8300,Tokyo to WGS 84 (38),,GSI-Jpn,4301,4326,38,,8700,1998-12-14 00:00:00,,EPSG,,
8301,Tokyo to WGS 84 (39),,GSI-Jpn,4301,4326,39,,8701,1998-12-14 00:00:00,,EPSG,,
8302,Tokyo to WGS 84 (40),,GSI-Jpn,4301,4326,40,,8702,1998-12-14 00:00:00,,EPSG,,
8303,Tokyo to WGS 84 (41),,GSI-Jpn,4301,4326,41,,8703,1998-12-14 00:00:00,,EPSG,,
8304,Tokyo to WGS 84 (42),,GSI-Jpn,4301,4326,42,,8704,1998-12-14 00:00:00,,EPSG,,
8305,Tokyo to WGS 84 (43),,GSI-Jpn,4301,4326,43,,8705,1998-12-14 00:00:00,,EPSG,,
8306,Tokyo to WGS 84 (44),,GSI-Jpn,4301,4326,44,,8706,1998-12-14 00:00:00,,EPSG,,
8307,Tokyo to WGS 84 (45),,GSI-Jpn,4301,4326,45,,8707,1998-12-14 00:00:00,,EPSG,,
8308,Tokyo to WGS 84 (46),,GSI-Jpn,4301,4326,46,,8708,1998-12-14 00:00:00,,EPSG,,
8309,Tokyo to WGS 84 (47),,GSI-Jpn,4301,4326,47,,8709,1998-12-14 00:00:00,,EPSG,,
8310,Tokyo to WGS 84 (48),,GSI-Jpn,4301,4326,48,,8710,1998-12-14 00:00:00,,EPSG,,
8311,Tokyo to WGS 84 (49),,GSI-Jpn,4301,4326,49,,8711,1998-12-14 00:00:00,,EPSG,,
8312,Tokyo to WGS 84 (50),,GSI-Jpn,4301,4326,50,,8712,1998-12-14 00:00:00,,EPSG,,
8313,Tokyo to WGS 84 (51),,GSI-Jpn,4301,4326,51,,8713,1998-12-14 00:00:00,,EPSG,,
8314,Tokyo to WGS 84 (52),,GSI-Jpn,4301,4326,52,,8714,1998-12-14 00:00:00,,EPSG,,
8315,Tokyo to WGS 84 (53),,GSI-Jpn,4301,4326,53,,8715,1998-12-14 00:00:00,,EPSG,,
8316,Tokyo to WGS 84 (54),,GSI-Jpn,4301,4326,54,,8716,1998-12-14 00:00:00,,EPSG,,
8317,Tokyo to WGS 84 (55),,GSI-Jpn,4301,4326,55,,8717,1998-12-14 00:00:00,,EPSG,,
8318,Tokyo to WGS 84 (56),,GSI-Jpn,4301,4326,56,,8718,1998-12-14 00:00:00,,EPSG,,
8319,Tokyo to WGS 84 (57),,GSI-Jpn,4301,4326,57,,8719,1998-12-14 00:00:00,,EPSG,,
8320,Tokyo to WGS 84 (58),,GSI-Jpn,4301,4326,58,,8720,1998-12-14 00:00:00,,EPSG,,
8321,Tokyo to WGS 84 (59),,GSI-Jpn,4301,4326,59,,8721,1998-12-14 00:00:00,,EPSG,,
8322,Tokyo to WGS 84 (60),,GSI-Jpn,4301,4326,60,,8722,1998-12-14 00:00:00,,EPSG,,
8323,Tokyo to WGS 84 (61),,GSI-Jpn,4301,4326,61,,8723,1998-12-14 00:00:00,,EPSG,,
8324,Tokyo to WGS 84 (62),,GSI-Jpn,4301,4326,62,,8724,1998-12-14 00:00:00,,EPSG,,
8325,Tokyo to WGS 84 (63),,GSI-Jpn,4301,4326,63,,8725,1998-12-14 00:00:00,,EPSG,,
8326,Tokyo to WGS 84 (64),,GSI-Jpn,4301,4326,64,,8726,1998-12-14 00:00:00,,EPSG,,
8327,Tokyo to WGS 84 (65),,GSI-Jpn,4301,4326,65,,8727,1998-12-14 00:00:00,,EPSG,,
8328,Tokyo to WGS 84 (66),,GSI-Jpn,4301,4326,66,,8728,1998-12-14 00:00:00,,EPSG,,
8329,Tokyo to WGS 84 (67),,GSI-Jpn,4301,4326,67,,8729,1998-12-14 00:00:00,,EPSG,,
8330,Tokyo to WGS 84 (68),,GSI-Jpn,4301,4326,68,,8730,1998-12-14 00:00:00,,EPSG,,
8331,Tokyo to WGS 84 (69),,GSI-Jpn,4301,4326,69,,8731,1998-12-14 00:00:00,,EPSG,,
8332,Tokyo to WGS 84 (70),,GSI-Jpn,4301,4326,70,,8732,1998-12-14 00:00:00,,EPSG,,
8333,Tokyo to WGS 84 (71),,GSI-Jpn,4301,4326,71,,8733,1998-12-14 00:00:00,,EPSG,,
8334,Tokyo to WGS 84 (72),,GSI-Jpn,4301,4326,72,,8734,1998-12-14 00:00:00,,EPSG,,
8335,Tokyo to WGS 84 (73),,GSI-Jpn,4301,4326,73,,8735,1998-12-14 00:00:00,,EPSG,,
8336,Tokyo to WGS 84 (74),,GSI-Jpn,4301,4326,74,,8736,1998-12-14 00:00:00,,EPSG,,
8337,Tokyo to WGS 84 (75),,GSI-Jpn,4301,4326,75,,8737,1998-12-14 00:00:00,,EPSG,,
8338,Tokyo to WGS 84 (76),,GSI-Jpn,4301,4326,76,,8738,1998-12-14 00:00:00,,EPSG,,
8339,Tokyo to WGS 84 (77),,GSI-Jpn,4301,4326,77,,8739,1998-12-14 00:00:00,,EPSG,,
8340,Tokyo to WGS 84 (78),,GSI-Jpn,4301,4326,78,,8740,1998-12-14 00:00:00,,EPSG,,
8341,Tokyo to WGS 84 (79),,GSI-Jpn,4301,4326,79,,8741,1998-12-14 00:00:00,,EPSG,,
8342,Tokyo to WGS 84 (80),,GSI-Jpn,4301,4326,80,,8742,1998-12-14 00:00:00,,EPSG,,
8343,Tokyo to WGS 84 (81),,GSI-Jpn,4301,4326,81,,8743,1998-12-14 00:00:00,,EPSG,,
8344,Tokyo to WGS 84 (82),,GSI-Jpn,4301,4326,82,,8744,1998-12-14 00:00:00,,EPSG,,
8345,Tokyo to WGS 84 (83),,GSI-Jpn,4301,4326,83,,8745,1998-12-14 00:00:00,,EPSG,,
8346,Tokyo to WGS 84 (84),,GSI-Jpn,4301,4326,84,,8746,1998-12-14 00:00:00,,EPSG,,
8347,Tokyo to WGS 84 (85),,GSI-Jpn,4301,4326,85,,8747,1998-12-14 00:00:00,,EPSG,,
8348,Tokyo to WGS 84 (86),,GSI-Jpn,4301,4326,86,,8748,1998-12-14 00:00:00,,EPSG,,
8349,Tokyo to WGS 84 (87),,GSI-Jpn,4301,4326,87,,8749,1998-12-14 00:00:00,,EPSG,,
8350,Tokyo to WGS 84 (88),,GSI-Jpn,4301,4326,88,,8750,1998-12-14 00:00:00,,EPSG,,
8351,Tokyo to WGS 84 (89),,GSI-Jpn,4301,4326,89,,8751,1998-12-14 00:00:00,,EPSG,,
8352,Tokyo to WGS 84 (90),,GSI-Jpn,4301,4326,90,,8752,1998-12-14 00:00:00,,EPSG,,
8353,Tokyo to WGS 84 (91),,GSI-Jpn,4301,4326,91,,8753,1998-12-14 00:00:00,,EPSG,,
8354,Tokyo to WGS 84 (92),,GSI-Jpn,4301,4326,92,,8754,1998-12-14 00:00:00,,EPSG,,
8355,Tokyo to WGS 84 (93),,GSI-Jpn,4301,4326,93,,8755,1998-12-14 00:00:00,,EPSG,,
8356,Tokyo to WGS 84 (94),,GSI-Jpn,4301,4326,94,,8756,1998-12-14 00:00:00,,EPSG,,
8357,Tokyo to WGS 84 (95),,GSI-Jpn,4301,4326,95,,8757,1998-12-14 00:00:00,,EPSG,,
8358,Tokyo to WGS 84 (96),,GSI-Jpn,4301,4326,96,,8758,1998-12-14 00:00:00,,EPSG,,
8359,Tokyo to WGS 84 (97),,GSI-Jpn,4301,4326,97,,8759,1998-12-14 00:00:00,,EPSG,,
8360,Tokyo to WGS 84 (98),,GSI-Jpn,4301,4326,98,,8760,1998-12-14 00:00:00,,EPSG,,
8361,Tokyo to WGS 84 (99),,GSI-Jpn,4301,4326,99,,8761,1998-12-14 00:00:00,,EPSG,,
8362,Tokyo to WGS 84 (100),,GSI-Jpn 324132,4301,4326,100,,8762,1998-12-14 00:00:00,,EPSG,,
8363,Tokyo to WGS 84 (101),,GSI-Jpn 324133,4301,4326,101,,8763,1998-12-14 00:00:00,,EPSG,,
8364,Tokyo to WGS 84 (102),,GSI-Jpn 324134,4301,4326,102,,8764,1998-12-14 00:00:00,,EPSG,,
8365,Tokyo to WGS 84 (103),,GSI-Jpn 320130,4301,4326,103,,8765,1998-12-14 00:00:00,,EPSG,,
8366,Tokyo to WGS 84 (104),,GSI-Jpn 320131,4301,4326,104,,8766,1998-12-14 00:00:00,,EPSG,,
8367,Tokyo to WGS 84 (105),,GSI-Jpn 320132,4301,4326,105,,8767,1998-12-14 00:00:00,,EPSG,,
8368,Tokyo to WGS 84 (106),,GSI-Jpn 312130,4301,4326,106,,8768,1998-12-14 00:00:00,,EPSG,,
8369,Tokyo to WGS 84 (107),,GSI-Jpn 312131,4301,4326,107,,8769,1998-12-14 00:00:00,,EPSG,,
8370,Fahud to WGS 84 (2),,PDO-Omn,4232,4326,2,,8770,1999-04-22 00:00:00,,EPSG,,
8371,PSD93 to WGS 84 (1),,PDO-Omn,4134,4326,1,,8771,1999-04-22 00:00:00,,EPSG,,
8372,ED50 to WGS 84 (19),,HEL-Grc,4230,4326,19,,8772,1999-04-22 00:00:00,,EPSG,,
8373,Antigua 1943 to WGS 84 (1),,DOS-Atg Ant,4601,4326,1,,8773,1999-04-22 00:00:00,,EPSG,,
8374,Dominica 1945 to WGS 84 (1),,DOS-Dma,4602,4326,1,,8774,1999-04-22 00:00:00,,EPSG,,
8375,Grenada 1953 to WGS 84 (1),,DOS-Grd,4603,4326,1,,8775,1999-04-22 00:00:00,,EPSG,,
8376,Montserrat 1958 to WGS 84 (1),,DOS-Msr,4604,4326,1,,8776,1999-04-22 00:00:00,,EPSG,,
8377,St. Kitts 1955 to WGS 84 (1),,DOS-Kna,4605,4326,1,,8777,1999-04-22 00:00:00,,EPSG,,
8378,St. Lucia 1955 to WGS 84 (1),,DOS-Lca,4606,4326,1,,8778,1999-04-22 00:00:00,,EPSG,,
8379,Anguilla 1957 to WGS 84 (1),,DOS-Aia,4600,4326,1,,8779,1999-04-22 00:00:00,,EPSG,,
8380,RT90 to ETRF89 (1),,NLS-Swe,4124,4258,1,,8780,1999-04-22 00:00:00,,EPSG,,
8384,ED50 to WGS 84 (20),,NMA-Nor 6265W,4230,4326,20,,8784,1999-04-22 00:00:00,,EPSG,,
8385,Old Hawaiian to NAD83 (1),,NGS-Usa Hi,4135,4269,1,,8785,1999-05-24 00:00:00,,EPSG,,
8386,Old Hawaiian to WGS 84 (1),,EPSG-US Hi,4135,4326,1,United States - Hawaii,8786,1999-05-24 00:00:00,,EPSG,For many purposes NAD83 can be assumed to be coincident with WGS 84.,
8387,St. Lawrence Island to NAD83 (1),,NGS-Usa AK StL,4136,4269,1,,8787,1999-05-24 00:00:00,,EPSG,,
8388,St. Lawrence Island to WGS 84 (1),,EPSG-US StL,4136,4326,1,United States - Alaska - St. Lawrence Island.,8788,1999-05-24 00:00:00,,EPSG,For many purposes NAD83 can be assumed to be coincident with WGS 84.,
8389,St. Paul Island to NAD83 (1),,NGS-Usa AK StP,4137,4269,1,,8789,1999-05-24 00:00:00,,EPSG,,
8390,St. Paul Island to WGS 84 (1),,EPSG-US StP,4137,4326,1,United States - Alaska - St. Paul Island.,8790,1999-05-24 00:00:00,,EPSG,For many purposes NAD83 can be assumed to be coincident with WGS 84.,
8391,St. George Island to NAD83 (1),,NGS-Usa AK StG,4138,4269,1,,8791,1999-05-24 00:00:00,,EPSG,,
8392,St. George Island to WGS 84 (1),,EPSG-USA StG,4138,4326,1,United States - Alaska - St. George Island.,8792,1999-05-24 00:00:00,,EPSG,For many purposes NAD83 can be assumed to be coincident with WGS 84.,
8393,NAD27(CGQ77)  to NAD83 (1),,SGQ-Can QC,4609,4269,1,,8793,1999-05-24 00:00:00,,EPSG,,
8394,NAD27(CGQ77) to WGS 84 (1),,EPSG-Can Qc,4609,4326,1,Canada - Quebec,8794,1999-05-24 00:00:00,,EPSG,For many purposes NAD83 can be assumed to be coincident with WGS 84.,
8395,AGD66 to GDA94 (2),,Auslig-ACT 1m,4202,4283,2,,8795,1999-05-24 00:00:00,,EPSG,,
8396,AGD66 to WGS 84 (3),,EPSG-Aus ACT 1m,4202,4326,3,Australia - ACT.,8796,1999-05-24 00:00:00,,EPSG,For many purposes GDA94 can be assumed to be coincident with WGS 84.,
8397,AGD66 to GDA94 (3),,Auslig-Tas 1m,4202,4283,3,,8797,1999-05-24 00:00:00,,EPSG,,
8398,AGD66 to WGS 84 (4),,EPSG-Aus Tas 1m,4202,4326,4,Australia - Tasmania.,8798,1999-05-24 00:00:00,,EPSG,For many purposes GDA94 can be assumed to be coincident with WGS 84.,
8399,AGD66 to GDA94 (4),,Auslig-NSW Vic,4202,4283,4,,8799,1999-05-24 00:00:00,,EPSG,,
8400,AGD66 to WGS 84 (5),,EPSG-Aus NSW Vic 1m,4202,4326,5,Australia - New South Wales (NSW) and Victoria.,8800,1999-05-24 00:00:00,,EPSG,For many purposes GDA94 can be assumed to be coincident with WGS 84.,
8401,Puerto Rico to NAD83 (1),,NGS-PRVI,4139,4269,1,,8801,1999-05-24 00:00:00,,EPSG,,
8402,Puerto Rico to WGS 84 (1),,EPSG-PRVI,4139,4326,1,Puerto Rico; Virgin Islands (U.S.); Virgin Islands (British).,8802,1999-05-24 00:00:00,,EPSG,For many purposes NAD83 can be assumed to be coincident with WGS 84.,
8403,NAD27 to NAD83 (5),,SGQ-Can QC,4267,4269,5,,8803,1999-05-24 00:00:00,,EPSG,,
8404,NAD27 to WGS 84 (27),,EPSG-Can QC,4267,4326,27,Canada - Quebec,8804,1999-05-24 00:00:00,,EPSG,For many purposes NAD83 can be assumed to be coincident with WGS 84.,
8405,NAD27(76) to NAD83 (1),,SGQ-Can Ont,4608,4269,1,,8805,1999-05-24 00:00:00,,EPSG,,
8406,NAD27(76) to WGS 84 (1),,EPSG-Can On,4608,4326,1,Canada - Ontario,8806,1999-05-24 00:00:00,,EPSG,For many purposes NAD83 can be assumed to be coincident with WGS 84.,
8407,AGD66 to GDA94 (5),,OSG-Aus Vic,4202,4283,5,,8807,1999-05-24 00:00:00,,EPSG,,
8408,AGD66 to WGS 84 (6),,EPSG-Aus Vic 0.1m,4202,4326,6,Australia - Victoria,8808,1999-05-24 00:00:00,,EPSG,For many purposes GDA94 can be assumed to be coincident with WGS 84.,
8411,NGO 1948 (Oslo) to NGO 1948 (1),,NGO-Nor,4817,4273,1,,8811,1999-10-20 00:00:00,,EPSG,,
8412,NTF (Paris) to NTF (2),,RGS,4807,4275,2,,8812,1999-10-20 00:00:00,,EPSG,,
8413,Locodjo 1965 to WGS 84 (1),,IGN-Civ,4142,4326,1,,8813,1999-10-20 00:00:00,,EPSG,,
8414,Abidjan 1987 to WGS 84 (1),,IGN-Civ,4143,4326,1,,8814,1999-10-20 00:00:00,,EPSG,,
8415,MGI to WGS 84 (2),,BEV-Aut,4312,4326,1,,8815,1999-10-20 00:00:00,,EPSG,,
8416,ATS 77 to NAD83(CSRS98) (1),,GIC-Can NB,4122,4140,1,,8816,1999-10-20 00:00:00,,EPSG,,
8417,NAD83(CSRS98) to WGS 84 (1),,EPSG-Can,4140,4326,1,,8817,1999-10-20 00:00:00,,EPSG,,
8418,ATS 77 to WGS 84 (1),,EPSG-Can NB,4122,4326,1,Canada - New Brunswick,8818,1999-10-20 00:00:00,EPSG,EPSG,For many purposes NAD83(CSRS) can be assumed to be coincident with WGS 84.,
8419,NAD83 to NAD83(HARN) (1),,NGS-Usa AL,4269,4152,1,,8819,1999-10-20 00:00:00,,EPSG,,
8420,NAD83 to NAD83(HARN) (2),,NGS-Usa AZ,4269,4152,2,,8820,1999-10-20 00:00:00,,EPSG,,
8421,NAD83 to NAD83(HARN) (3),,NGS-Usa CA n,4269,4152,3,,8821,1999-10-20 00:00:00,,EPSG,,
8422,NAD83 to NAD83(HARN) (4),,NGS-Usa CA s,4269,4152,4,,8822,1999-10-20 00:00:00,,EPSG,,
8423,NAD83 to NAD83(HARN) (5),,NGS-Usa CO,4269,4152,5,,8823,1999-10-20 00:00:00,,EPSG,,
8424,NAD83 to NAD83(HARN) (6),,NGS-Usa GA,4269,4152,6,,8824,1999-10-20 00:00:00,,EPSG,,
8425,NAD83 to NAD83(HARN) (7),,NGS-Usa FL,4269,4152,7,,8825,1999-10-20 00:00:00,,EPSG,,
8426,NAD83 to NAD83(HARN) (8),,NGS-Usa ID MT e,4269,4152,8,,8826,1999-10-20 00:00:00,,EPSG,,
8427,NAD83 to NAD83(HARN) (9),,NGS-Usa ID MT w,4269,4152,9,,8827,1999-10-20 00:00:00,,EPSG,,
8428,NAD83 to NAD83(HARN) (10),,NGS-Usa KY,4269,4152,10,,8828,1999-10-20 00:00:00,,EPSG,,
8429,NAD83 to NAD83(HARN) (11),,NGS-Usa LA,4269,4152,11,,8829,1999-10-20 00:00:00,,EPSG,,
8430,NAD83 to NAD83(HARN) (12),,NGS-Usa DE MD,4269,4152,12,,8830,1999-10-20 00:00:00,,EPSG,,
8431,NAD83 to NAD83(HARN) (13),,NGS-Usa ME,4269,4152,13,,8831,1999-10-20 00:00:00,,EPSG,,
8432,NAD83 to NAD83(HARN) (14),,NGS-Usa MI,4269,4152,14,,8832,1999-10-20 00:00:00,,EPSG,,
8433,NAD83 to NAD83(HARN) (15),,NGS-Usa MS,4269,4152,15,,8833,1999-10-20 00:00:00,,EPSG,,
8434,NAD83 to NAD83(HARN) (16),,NGS-Usa NE,4269,4152,16,,8834,1999-10-20 00:00:00,,EPSG,,
8435,NAD83 to NAD83(HARN) (17),,NGS-US NewEng,4269,4152,17,,8835,1999-10-20 00:00:00,,EPSG,,
8436,NAD83 to NAD83(HARN) (18),,NGS-Usa NM,4269,4152,18,,8836,1999-10-20 00:00:00,,EPSG,,
8437,NAD83 to NAD83(HARN) (19),,NGS-Usa NY,4269,4152,19,,8837,1999-10-20 00:00:00,,EPSG,,
8438,NAD83 to NAD83(HARN) (20),,NGS-Usa ND,4269,4152,20,,8838,1999-10-20 00:00:00,,EPSG,,
8439,NAD83 to NAD83(HARN) (21),,NGS-Usa OK,4269,4152,21,,8839,1999-10-20 00:00:00,,EPSG,,
8440,NAD83 to NAD83(HARN) (22),,NGS-PRVI,4269,4152,22,,8840,1999-10-20 00:00:00,,EPSG,,
8441,NAD83 to NAD83(HARN) (23),,NGS-Usa SD,4269,4152,23,,8841,1999-10-20 00:00:00,,EPSG,,
8442,NAD83 to NAD83(HARN) (24),,NGS-Usa TN,4269,4152,24,,8842,1999-10-20 00:00:00,,EPSG,,
8443,NAD83 to NAD83(HARN) (25),,NGS-Usa TX e,4269,4152,25,,8843,1999-10-20 00:00:00,,EPSG,,
8444,NAD83 to NAD83(HARN) (26),,NGS-Usa TX w,4269,4152,26,,8844,1999-10-20 00:00:00,,EPSG,,
8445,NAD83 to NAD83(HARN) (27),,NGS-Usa VA,4269,4152,27,,8845,1999-10-20 00:00:00,,EPSG,,
8446,NAD83 to NAD83(HARN) (28),,NGS-Usa OR WA,4269,4152,28,,8846,1999-10-20 00:00:00,,EPSG,,
8447,NAD83 to NAD83(HARN) (29),,NGS-Usa WI,4269,4152,29,,8847,1999-10-20 00:00:00,,EPSG,,
8448,NAD83 to NAD83(HARN) (30),,NGS-Usa WY,4269,4152,30,,8848,1999-10-20 00:00:00,,EPSG,,
8449,Cape to Hartbeesthoek94 (1),,DSM-Zaf,4222,4148,1,,8849,1999-10-20 00:00:00,,EPSG,,
8450,Hartbeesthoek94 to WGS 84 (1),,EPSG-Zaf,4148,4326,1,,8850,1999-10-20 00:00:00,,EPSG,For many purposes Hartbeesthoek94 can be assumed to be coincident with WGS 84.,
8451,AGD66 to GDA94 (6),,Auslig-Tas,4202,4283,6,,8851,1999-10-20 00:00:00,,EPSG,,
8452,AGD66 to GDA94 (7),,Auslig-NT,4202,4283,7,,8852,1999-10-20 00:00:00,,EPSG,,
8453,AGD66 to WGS 84 (7),,EPSG-Aus Tas 0.1m,4202,4326,7,Australia - Tasmania.,8853,1999-10-20 00:00:00,,EPSG,For many purposes GDA94 can be assumed to be coincident with WGS 84.,
8454,AGD66 to WGS 84 (8),,EPSG-Aus NT 0.1m,4202,4326,8,Australia - Northern Territory.,8854,1999-10-20 00:00:00,,EPSG,For many purposes GDA94 can be assumed to be coincident with WGS 84.,
8455,CH1903 to WGS 84 (1),,BfL-CH 1,4149,4326,1,,8855,1999-10-20 00:00:00,,EPSG,,
8456,CH1903+ to CHTRF95 (1),,BfL-CH,4150,4151,1,,8856,1999-10-20 00:00:00,,EPSG,,
8457,CH1903+ to WGS 84 (1),,EPSG-CH,4150,4326,1,Liechtenstein;  Switzerland.,8857,1999-10-20 00:00:00,EPSG,EPSG,For many purposes CHTRF95 can be assumed to be coincident with WGS 84.,
8458,CH1903 to WGS 84 (2),,BfL-CH 2,4149,4326,2,,8858,1999-10-20 00:00:00,,EPSG,,
8459,CHTRF95 to WGS 84 (1),,EPSG-CH,4151,4326,1,,8859,1999-10-20 00:00:00,,EPSG,,
8460,NAD27 to NAD83(HARN) (1),,NGS-Usa AL,4267,4152,1,United States (USA) - Alabama.,8860,1999-10-20 00:00:00,US Coast & Geodetic Survey  www.ngs.noaa.gov  NADCON readme file,EPSG,,
8461,NAD27 to NAD83(HARN) (2),,NGS-Usa AZ,4267,4152,2,United States (USA) - Arizona.,8861,1999-10-20 00:00:00,US Coast & Geodetic Survey  www.ngs.noaa.gov  NADCON readme file,EPSG,,
8462,NAD27 to NAD83(HARN) (3),,NGS-Usa CA n,4267,4152,3,United States (USA) - California north of 38 deg N.,8862,1999-10-20 00:00:00,US Coast & Geodetic Survey  www.ngs.noaa.gov  NADCON readme file,EPSG,,
8463,NAD27 to NAD83(HARN) (4),,NGS-Usa CA s,4267,4152,4,United States (USA) - California south of 38 deg N.,8863,1999-10-20 00:00:00,US Coast & Geodetic Survey  www.ngs.noaa.gov  NADCON readme file,EPSG,,
8464,NAD27 to NAD83(HARN) (5),,NGS-Usa CO,4267,4152,5,United States (USA) - Colorado.,8864,1999-10-20 00:00:00,US Coast & Geodetic Survey  www.ngs.noaa.gov  NADCON readme file,EPSG,,
8465,NAD27 to NAD83(HARN) (6),,NGS-Usa GA,4267,4152,6,United States (USA) - Georgia.,8865,1999-10-20 00:00:00,US Coast & Geodetic Survey  www.ngs.noaa.gov  NADCON readme file,EPSG,,
8466,NAD27 to NAD83(HARN) (7),,NGS-Usa FL,4267,4152,7,United States (USA) - Florida.,8866,1999-10-20 00:00:00,US Coast & Geodetic Survey  www.ngs.noaa.gov  NADCON readme file,EPSG,,
8467,NAD27 to NAD83(HARN) (8),,NGS-Usa ID MT e,4267,4152,8,United States (USA) - Idaho and Montana - east of 113 deg W.,8867,1999-10-20 00:00:00,US Coast & Geodetic Survey  www.ngs.noaa.gov  NADCON readme file,EPSG,,
8468,NAD27 to NAD83(HARN) (9),,NGS-Usa ID MT w,4267,4152,9,United States (USA) - Idaho and Montana - west of 113 deg W.,8868,1999-10-20 00:00:00,US Coast & Geodetic Survey  www.ngs.noaa.gov  NADCON readme file,EPSG,,
8469,NAD27 to NAD83(HARN) (10),,NGS-Usa KY,4267,4152,10,United States (USA) - Kentucky.,8869,1999-10-20 00:00:00,US Coast & Geodetic Survey  www.ngs.noaa.gov  NADCON readme file,EPSG,,
8470,NAD27 to NAD83(HARN) (11),,NGS-Usa LA,4267,4152,11,United States (USA) - Louisiana.,8870,1999-10-20 00:00:00,US Coast & Geodetic Survey  www.ngs.noaa.gov  NADCON readme file,EPSG,,
8471,NAD27 to NAD83(HARN) (12),,NGS-Usa DE MD,4267,4152,12,United States (USA) - Delaware and Maryland.,8871,1999-10-20 00:00:00,US Coast & Geodetic Survey  www.ngs.noaa.gov  NADCON readme file,EPSG,,
8472,NAD27 to NAD83(HARN) (13),,NGS-Usa ME,4267,4152,13,United States (USA) - Maine.,8872,1999-10-20 00:00:00,US Coast & Geodetic Survey  www.ngs.noaa.gov  NADCON readme file,EPSG,,
8473,NAD27 to NAD83(HARN) (14),,NGS-Usa MI,4267,4152,14,United States (USA) - Michigan.,8873,1999-10-20 00:00:00,US Coast & Geodetic Survey  www.ngs.noaa.gov  NADCON readme file,EPSG,,
8474,NAD27 to NAD83(HARN) (15),,NGS-Usa MS,4267,4152,15,United States (USA) - Mississippi.,8874,1999-10-20 00:00:00,US Coast & Geodetic Survey  www.ngs.noaa.gov  NADCON readme file,EPSG,,
8475,NAD27 to NAD83(HARN) (16),,NGS-Usa NE,4267,4152,16,United States (USA) - Nebraska.,8875,1999-10-20 00:00:00,US Coast & Geodetic Survey  www.ngs.noaa.gov  NADCON readme file,EPSG,,
8476,NAD27 to NAD83(HARN) (17),,NGS-US NewEng,4267,4152,18,United States (USA) - Connecticut; Massachusetts; New Hampshire; Rhode Island; Vermont.,8876,1999-10-20 00:00:00,US Coast & Geodetic Survey  www.ngs.noaa.gov  NADCON readme file,EPSG,,
8477,NAD27 to NAD83(HARN) (18),,NGS-Usa NM,4267,4152,18,United States (USA) - New Mexico.,8877,1999-10-20 00:00:00,US Coast & Geodetic Survey  www.ngs.noaa.gov  NADCON readme file,EPSG,,
8478,NAD27 to NAD83(HARN) (19),,NGS-Usa NY,4267,4152,19,United States (USA) - New York.,8878,1999-10-20 00:00:00,US Coast & Geodetic Survey  www.ngs.noaa.gov  NADCON readme file,EPSG,,
8479,NAD27 to NAD83(HARN) (20),,NGS-Usa ND,4267,4152,20,United States (USA) - North Dakota.,8879,1999-10-20 00:00:00,US Coast & Geodetic Survey  www.ngs.noaa.gov  NADCON readme file,EPSG,,
8480,NAD27 to NAD83(HARN) (21),,NGS-Usa OK,4267,4152,21,United States (USA) - Oklahoma.,8880,1999-10-20 00:00:00,US Coast & Geodetic Survey  www.ngs.noaa.gov  NADCON readme file,EPSG,,
8481,Puerto Rico to NAD83(HARN) (1),,NGS-PRVI,4139,4152,1,United States (USA) - Puerto Rico and the Virgin Islands.,8881,1999-10-20 00:00:00,US Coast & Geodetic Survey  www.ngs.noaa.gov  NADCON readme file,EPSG,,
8482,NAD27 to NAD83(HARN) (22),,NGS-Usa SD,4267,4152,22,United States (USA) - South Dakota.,8882,1999-10-20 00:00:00,US Coast & Geodetic Survey  www.ngs.noaa.gov  NADCON readme file,EPSG,,
8483,NAD27 to NAD83(HARN) (23),,NGS-Usa TN,4267,4152,23,United States (USA) - Tennessee,8883,1999-10-20 00:00:00,US Coast & Geodetic Survey  www.ngs.noaa.gov  NADCON readme file,EPSG,,
8484,NAD27 to NAD83(HARN) (24),,NGS-Usa TX e,4267,4152,24,United States (USA) - Texas east of 100deg West.,8884,1999-10-20 00:00:00,US Coast & Geodetic Survey  www.ngs.noaa.gov  NADCON readme file,EPSG,,
8485,NAD27 to NAD83(HARN) (25),,NGS-Usa TX w,4267,4152,25,United States (USA) - Texas west of 100deg West.,8885,1999-10-20 00:00:00,US Coast & Geodetic Survey  www.ngs.noaa.gov  NADCON readme file,EPSG,,
8486,NAD27 to NAD83(HARN) (26),,NGS-Usa VA,4267,4152,26,United States (USA) - Virginia.,8886,1999-10-20 00:00:00,US Coast & Geodetic Survey  www.ngs.noaa.gov  NADCON readme file,EPSG,,
8487,NAD27 to NAD83(HARN) (27),,NGS-Usa OR WA,4267,4152,27,United States (USA) - Oregan; Washington.,8887,1999-10-20 00:00:00,US Coast & Geodetic Survey  www.ngs.noaa.gov  NADCON readme file,EPSG,,
8488,NAD27 to NAD83(HARN) (28),,NGS-Usa WI,4267,4152,28,United States (USA) - Wisconsin.,8888,1999-10-20 00:00:00,US Coast & Geodetic Survey  www.ngs.noaa.gov  NADCON readme file,EPSG,,
8489,NAD27 to NAD83(HARN) (29),,NGS-Usa WY,4267,4152,29,United States (USA) - Wyoming.,8889,1999-10-20 00:00:00,US Coast & Geodetic Survey  www.ngs.noaa.gov  NADCON readme file,EPSG,,
8490,Rassadiran to WGS 84 (1),,TOT-Taheri,4153,4326,1,Iran - Taheri refinery site.,8890,1999-10-20 00:00:00,Total-Fina,EPSG,,
8491,FD58 to WGS 84 (1),,TOT-Kangan,4132,4326,1,Iran - Kangan district,8891,1999-10-20 00:00:00,Total-Fina,EPSG,,
8492,ED50(ED77) to WGS 84 (1),,NCCI-Irn,4154,4326,1,Iran,8892,1999-10-20 00:00:00,National Cartographic Centre of Iran,EPSG,,
8493,NAD83 to WGS 84 (4),,NGS-Usa,4269,4326,4,United States (USA).,8893,1999-11-05 00:00:00,,EPSG,,
8494,NAD83 to WGS 84 (5),,NGS-Usa,4269,4326,5,United States (USA).,8894,1999-11-05 00:00:00,,EPSG,,
8495,La Canoa to WGS 84 (1),,LAG-Ven E,4247,4326,1,,8895,1999-11-05 00:00:00,,EPSG,,
8496,NAD27 to WGS 84 (28),,NGS-Usa conus,4267,4326,28,United States (USA) - lower 48 states including EEZ.,8896,1999-10-20 00:00:00,,EPSG,For many purposes NAD83 can be assumed to be coincident with WGS 84.,
8497,NAD27 to WGS 84 (29),,NGS-Usa AK,4267,4326,29,United States (USA) - Alaska including EEZ.,8897,1999-10-20 00:00:00,,EPSG,For many purposes NAD83 can be assumed to be coincident with WGS 84.,
