"GEOD_DATUM_CODE","GEOD_DAT_EPSG_NAME","GEOD_DAT_EPSG_ABBR","GEOD_DAT_USER_NAME","ORIGIN_DESCRIPTION","ELLIPSOID_CODE","REVISION_DATE","INFORMATION_SOURCE","DATA_SOURCE","REMARKS","CHANGE_ID"
6001,Not specified (based on ellipsoid 7001),,,,7001,1996-09-12 00:00:00,,EPSG,Not a valid datum.  Included for coordinate systems where datum is unknown.,96.08
6002,Not specified (based on ellipsoid 7002),,,,7002,1996-09-12 00:00:00,,EPSG,Not a valid datum.  Included for coordinate systems where datum is unknown.,96.08
6003,Not specified (based on ellipsoid 7003),,,,7003,1996-09-12 00:00:00,,EPSG,Not a valid datum.  Included for coordinate systems where datum is unknown.,96.08
6004,Not specified (based on ellipsoid 7004),,,,7004,1996-09-12 00:00:00,,EPSG,Not a valid datum.  Included for coordinate systems where datum is unknown.,96.08
6005,Not specified (based on ellipsoid 7005),,,,7005,1996-09-12 00:00:00,,EPSG,Not a valid datum.  Included for coordinate systems where datum is unknown.,96.08
6006,Not specified (based on ellipsoid 7006),,,,7006,1996-09-12 00:00:00,,EPSG,Not a valid datum.  Included for coordinate systems where datum is unknown.,96.08
6007,Not specified (based on ellipsoid 7007),,,,7007,1996-09-12 00:00:00,,EPSG,Not a valid datum.  Included for coordinate systems where datum is unknown.,96.08
6008,Not specified (based on ellipsoid 7008),,,,7008,1996-09-12 00:00:00,,EPSG,Not a valid datum.  Included for coordinate systems where datum is unknown.,96.08
6009,Not specified (based on ellipsoid 7009),,,,7009,1996-09-12 00:00:00,,EPSG,Not a valid datum.  Included for coordinate systems where datum is unknown.,96.08
6010,Not specified (based on ellipsoid 7010),,,,7010,1996-09-12 00:00:00,,EPSG,Not a valid datum.  Included for coordinate systems where datum is unknown.,96.08
6011,Not specified (based on ellipsoid 7011),,,,7011,1996-09-12 00:00:00,,EPSG,Not a valid datum.  Included for coordinate systems where datum is unknown.,96.08
6012,Not specified (based on ellipsoid 7012),,,,7012,1996-09-12 00:00:00,,EPSG,Not a valid datum.  Included for coordinate systems where datum is unknown.,96.08
6013,Not specified (based on ellipsoid 7013),,,,7013,1996-09-12 00:00:00,,EPSG,Not a valid datum.  Included for coordinate systems where datum is unknown.,96.08
6014,Not specified (based on ellipsoid 7014),,,,7014,1996-09-12 00:00:00,,EPSG,Not a valid datum.  Included for coordinate systems where datum is unknown.,96.08
6015,Not specified (based on ellipsoid 7015),,,,7015,1996-09-12 00:00:00,,EPSG,Not a valid datum.  Included for coordinate systems where datum is unknown.,96.08
6016,Not specified (based on ellipsoid 7016),,,,7016,1996-09-12 00:00:00,,EPSG,Not a valid datum.  Included for coordinate systems where datum is unknown.,96.08
6017,Not specified (based on ellipsoid 7017),,,,7044,1996-09-12 00:00:00,,EPSG,Not a valid datum.  Included for coordinate systems where datum is unknown.,96.08
6018,Not specified (based on ellipsoid 7018),,,,7018,1996-09-12 00:00:00,,EPSG,Not a valid datum.  Included for coordinate systems where datum is unknown.,96.08
6019,Not specified (based on ellipsoid 7019),,,,7019,1996-09-12 00:00:00,,EPSG,Not a valid datum.  Included for coordinate systems where datum is unknown.,96.08
6020,Not specified (based on ellipsoid 7020),,,,7020,1996-09-12 00:00:00,,EPSG,Not a valid datum.  Included for coordinate systems where datum is unknown.,96.08
6021,Not specified (based on ellipsoid 7021),,,,7021,1996-09-12 00:00:00,,EPSG,Not a valid datum.  Included for coordinate systems where datum is unknown.,96.08
6022,Not specified (based on ellipsoid 7022),,,,7022,1996-09-12 00:00:00,,EPSG,Not a valid datum.  Included for coordinate systems where datum is unknown.,96.08
6024,Not specified (based on ellipsoid 7024),,,,7024,1996-09-12 00:00:00,,EPSG,Not a valid datum.  Included for coordinate systems where datum is unknown.,96.08
6025,Not specified (based on ellipsoid 7025),,,,7025,1996-09-12 00:00:00,,EPSG,Not a valid datum.  Included for coordinate systems where datum is unknown.,96.08
6027,Not specified (based on ellipsoid 7027),,,,7027,1996-09-12 00:00:00,,EPSG,Not a valid datum.  Included for coordinate systems where datum is unknown.,96.08
6028,Not specified (based on ellipsoid 7028),,,,7028,1996-09-12 00:00:00,,EPSG,Not a valid datum.  Included for coordinate systems where datum is unknown.,96.08
6029,Not specified (based on ellipsoid 7029),,,,7029,1996-09-12 00:00:00,,EPSG,Not a valid datum.  Included for coordinate systems where datum is unknown.,96.08
6030,Not specified (based on ellipsoid 7030),,,,7030,1996-09-12 00:00:00,,EPSG,Not a valid datum.  Included for coordinate systems where datum is unknown.,96.08
6031,Not specified (based on ellipsoid 7031),,,,7031,1996-09-12 00:00:00,,EPSG,Not a valid datum.  Included for coordinate systems where datum is unknown.,96.08
6032,Not specified (based on ellipsoid 7032),,,,7032,1996-09-12 00:00:00,,EPSG,Not a valid datum.  Included for coordinate systems where datum is unknown.,96.08
6033,Not specified (based on ellipsoid 7033),,,,7033,1996-09-12 00:00:00,,EPSG,Not a valid datum.  Included for coordinate systems where datum is unknown.,96.08
6034,Not specified (based on ellipsoid 7034),,,,7034,1996-09-12 00:00:00,,EPSG,Not a valid datum.  Included for coordinate systems where datum is unknown.,96.08
6035,Not specified (based on ellipsoid 7035),,,,7035,1996-09-12 00:00:00,,EPSG,Not a valid datum.  Included for coordinate systems where datum is unknown.,96.08
6036,Not specified (based on ellipsoid 7036),,,,7036,1996-09-12 00:00:00,,EPSG,Not a valid datum.  Included for coordinate systems where datum is unknown.,
6041,Not specified (based on ellipsoid 7041),,,,7041,1999-10-20 00:00:00,,EPSG,Not a valid datum.  Included for coordinate systems where datum is unknown.,
6042,Not specified (based on ellipsoid 7042),,,,7042,1999-10-20 00:00:00,,EPSG,Not a valid datum.  Included for coordinate systems where datum is unknown.,
6043,Not specified (based on ellipsoid 7043),,,,7043,1999-10-20 00:00:00,,EPSG,Not a valid datum.  Included for coordinate systems where datum is unknown.,
6044,Not specified (based on ellipsoid 7044),,,,7044,1999-10-20 00:00:00,,EPSG,Not a valid datum.  Included for coordinate systems where datum is unknown.,
6045,Not specified (based on ellipsoid 7045),,,,7045,1999-10-20 00:00:00,,EPSG,Not a valid datum.  Included for coordinate systems where datum is unknown.,
6120,Greek,,,Fundamental point: Athens Observatory; latitude 37 deg 58 min 20.132 sec N; longitude 23 deg 42 min 58.815 sec E of Greenwich,7004,1997-06-16 00:00:00,Topography Department; National Technical University of Athens,EPSG,See geodetic datum alias 6404.  Used as basis of topographic mapping based on Hatt projection.,
6121,Greek Geodetic Reference System 1987,GGRS87,,Fundamental point: Dionysos; latitude 38 deg 04 min 33.8 sec N; longitude 23 deg 55 min 51.0 sec E of Greenwich; geoid height 7.0 m.,7019,1997-06-16 00:00:00,L. Portokalakis; Public Petroleum Corporation of Greece,EPSG,Superseded (old) Greek datum.  Oil industry work based on ED50.,
6122,Average Terrestrial System 1977,ATS77,,,7041,1997-07-02 00:00:00,New Brunswick Geographic Information Corporation land and water information standards manual.,EPSG,In use from 1979.  To be phased out in late 1990's.,
6123,Kartastokoordinaattijarjestelma,KKJ,,Adjustment with fundamental point based on ED50 transformed to best fit the older VVJ adjustment.,7022,1997-07-22 00:00:00,www.nls.fi/maa/papers/kkj.html,EPSG,Adopted in 1970.,
6124,Rikets koordinatsystem 1990,RT90,,,7004,1997-11-13 00:00:00,National Land Survey of Sweden,EPSG,Supersedes RT38 adjustment (datum code 6308),
6125,Samboja,,,Original origin station P2 Exc now destroyed.  Extensions recomputed using Toran station T9 as origin.,7004,1997-11-13 00:00:00,Total Indonesia.,EPSG,,
6126,Lithuania 1994 (ETRS89),LKS94 (ETRS89),,Densification from 4  ETRF89 points.,7019,1998-03-12 00:00:00,HNIT-Baltic GeoInfoServisas,EPSG,Densification of ETRS89 during the 1992 Baltic campaign.,
6127,Tete,,,Fundamental point: Tete.,7008,1998-04-16 00:00:00,Mozambique Direcção Nacional de Geografia e Cadastral (DINAGECA).,EPSG,,
6128,Madzansua,,,Fundamental point: Madzansua.,7008,1998-04-16 00:00:00,Mozambique Direcção Nacional de Geografia e Cadastral (DINAGECA).,EPSG,Superseded by transformation to Tete datum (datum code 6127).,
6129,Observatario,,,Fundamental point: Maputo observatory.,7008,1998-04-16 00:00:00,Mozambique Direcção Nacional de Geografia e Cadastral (DINAGECA).,EPSG,Superseded by transformation to Tete datum (datum code 6127).,
6130,Moznet (ITRF94),Moznet,,ITRF 1994 epoch 20,7030,1998-04-16 00:00:00,Mozambique Direcção Nacional de Geografia e Cadastral (DINAGECA).,EPSG,,
6131,Indian 1960,,,,7015,1998-11-11 00:00:00,,EPSG,DMA adjustment of IndoChina part of the Indian 1954 network to better fit local geoid.  Also known as Indian (DMA Reduced).,
6132,Final Datum 1958,FD58,,Fundamental point: Maniyur.  Latitude: 31 deg 23 min 59.19 sec N; Longitude: 48 deg 32 min 31.38 sec E (of Greenwich).,7012,1998-11-11 00:00:00,IOEPC records,EPSG,Network included in Nahrwan 1967 adjustment.,
6133,Estonia 1992,EST92,,Densification from 4  ETRS89 points.,7019,1998-12-14 00:00:00,http://www.geo.ut.ee/~raivo/estcoord.html,EPSG,Based on ETRS89 as established during the 1992 Baltic campaign.,
6134,PDO Survey Datum 1993,PSD93,,Adjustment best fitted to Fahud network.,7012,1999-04-22 00:00:00,Petroleum Development Oman,EPSG,Supersedes Fahud datum (code 6232). Maximum differences to Fahud adjustment are 20 metres.,
6135,Old Hawaiian,,,Fundamental Point: Oahu West Base Astro.  Latitude: 21 deg 18 min 13.89 sec N; longitude 157 deg 50 min 55.79 sec W (of Greenwich),7008,1999-05-24 00:00:00,http://www.ngs.noaa.gov/ (NADCON readme file) and the NIMA publication http://164.214.2.59/publications/guides/Datum_Pamphlet/datum.html,EPSG,Hawaiian Islands were never on NAD27 but rather on Old Hawaiian Datum.  NADCON conversion program provides transformation from Old Hawaiian Datum to NAD83 (original 1986 realization) but making the transformation appear to user as if from NAD27.,
6136,St. Lawrence Island,,,,7008,1999-05-24 00:00:00,http://www.ngs.noaa.gov/ (NADCON readme file),EPSG,Many Alaskan islands were never on NAD27 but rather on independent datums.  NADCON conversion program provides transformation from St. Lawrence Island Datum to NAD83 (original 1986 realization) - making the transformation appear to user as if from NAD27.,
6137,St. Paul Island,,,,7008,1999-05-24 00:00:00,http://www.ngs.noaa.gov/ (NADCON readme file),EPSG,Many Alaskan islands were never on NAD27 but rather on independent datums.  NADCON conversion program provides transformation from St. Paul Island Datum to NAD83 (original 1986 realization) - making the transformation appear to user as if from NAD27.,
6138,St. George Island,,,,7008,1999-05-24 00:00:00,http://www.ngs.noaa.gov/ (NADCON readme file),EPSG,Many Alaskan islands were never on NAD27 but rather on independent datums.  NADCON conversion program provides transformation from St. George Island Datum to NAD83 (original 1986 realization) - making the transformation appear to user as if from NAD27.,
6139,Puerto Rico,,,,7008,1999-05-24 00:00:00,Ordnance Survey of Great Britain and http://www.ngs.noaa.gov/ (NADCON readme file).,EPSG,NADCON conversion program provides transformation from Puerto Rico Datum to NAD83 (original 1986 realization) but making the transformation appear to user as if from NAD27.,
6140,NAD83 Canadian Spatial Reference System,NAD83(CSRS98),,,7019,1999-10-20 00:00:00,Service New Brunswick Land and Information Standards Manual,EPSG,Supersedes ATS77 from 1999 in New Brunswick.,
6141,Israel,,,Fundamental Point:  Latitude: 31 deg 44 min 03.817 sec N; Longitude: 35 deg 12 min 16.261 sec E (of Greenwich).,7019,1999-10-20 00:00:00,Survey of Israel.,EPSG,,
6142,Locodjo 1965,,,Fundamental Point: T5 Banco. Latitude: 5 deg 18 min 50.5 sec N; Longitude: 4 deg 02 min 05.1 sec W (of Greenwich).,7012,1999-10-20 00:00:00,IGN Paris.,EPSG,,
6143,Abidjan 1987,,,Fundamental Point: Abidjan I. Latitude: 5 deg 18 min 51.01 sec N; Longitude: 4 deg 02 min 06.04 sec W (of Greenwich).,7012,1999-10-20 00:00:00,IGN Paris.,EPSG,,
6144,Kalianpur 1937,,,Fundamental Point: Kalianpur. Latitude: 24 deg  07 min 11.260 sec N; Longitude: 77 deg 39 min 17.570 sec E (of Greenwich).,7015,1999-10-20 00:00:00,"G. Bomford; \"The Re-adjustment of the Indian Triangulation\"; Survey of India Professional Paper 28; 1939.",EPSG,Supercedes 1880 adjustment except for topographic mapping.  Superseded in Pakistan by 1962 metrication conversion and in India by 1975 metrication conversion.,
6145,Kalianpur 1962,,,Fundamental Point: Kalianpur. Latitude: 24 deg  07 min 11.260 sec N; Longitude: 77 deg 39 min 17.570 sec E (of Greenwich).,7044,1999-10-20 00:00:00,,EPSG,1937 adjustment rescaled by ratio metric conversions of Indian foot (1937) to Indian foot (1962).,
6146,Kalianpur 1975,,,Fundamental Point: Kalianpur. Latitude: 24 deg  07 min 11.260 sec N; Longitude: 77 deg 39 min 17.570 sec E (of Greenwich).,7045,1999-10-20 00:00:00,,EPSG,1937 adjustment rescaled by ratio metric conversions of Indian foot (1937) to Indian foot (1975).,
6147,Hanoi 1972,,,,7024,1999-10-20 00:00:00,PetroVietnam,EPSG,,
6148,Hartbeesthoek94,,,Coincident with ITRF91 (1994.0) at Hartbeesthoek astronomical observatory near Pretoria.,7030,1999-10-22 00:00:00,Directorate of Surveys and Mapping; http://w3sli.wcape.gov.za/surveys/mapping/wgs84.htm,EPSG,Supersedes Cape datum (code 6222).,
6149,CH1903,,,Fundamental Point: Old Bern observatory. Latitude: 46 deg 57 min  8.660 sec N; Longitude: 7 deg 26 min 22.500 sec E (of Greenwich).,7004,1999-10-20 00:00:00,Bundesamt für Landestopographie,EPSG,,
6150,CH1903+,,,Fundamental Point: Old Bern observatory. Latitude: 46 deg 57 min  8.660 sec N; Longitude: 7 deg 26 min 22.500 sec E (of Greenwich).,7004,1999-10-20 00:00:00,Bundesamt für Landestopographie.  Aufbau der Landesvermessung der Schweiz 'LV95' Teil 3: Terrestrische Bezugssysteme und Bezugsrahmen. L+T 1999.,EPSG,,
6151,Swiss Terrestrial Reference Frame 1995,CHTRF95,,ETRF89 at 1993.0,7019,1999-10-20 00:00:00,Bundesamt für Landestopographie.  Aufbau der Landesvermessung der Schweiz 'LV95' Teil 3: Terrestrische Bezugssysteme und Bezugsrahmen. L+T 1999.,EPSG,,
6152,NAD83 (High Accuracy Regional Network),NAD83(HARN),,,7019,1999-10-20 00:00:00,National Geodetic Survey,EPSG,,
6153,Rassadiran,,,Fundamental point: Total 1,7022,1999-11-20 00:00:00,Total-Fina,EPSG,,
6154,ED50(ED77),,,Extension of ED50 over Iran,7022,1999-11-20 00:00:00,National Cartographic Centre of Iran,EPSG,Sometimes referred to as ED50-ED77,
6200,Pulkovo 1995,,,Fundamental Point: Pulkovo observatory. Latitude: 59 deg 46 min 15.359 sec N; Longitude: 30 deg 19 min 28.318 sec E (of Greenwich).,7024,1996-09-12 00:00:00,"\"Main Terms of Reference for the State Geodetic Network\"; Federal Geodetic Service of Russia; 1994",EPSG,,
6201,Adindan,,,Fundamental Point: Station 15; Adindan. Latitude: 22 deg 10 min  7.110 sec N; Longitude: 31 deg 29 min 21.608 sec E (of Greenwich).,7012,1995-06-02 00:00:00,,EPSG,,
6202,Australian Geodetic Datum 1966,AGD66,,Fundamental Point: Johnson Memorial. Latitude: 25 deg 56 min 54.551 sec S; Longitude: 133 deg 12 min 30.077 sec E (of Greenwich).,7003,1995-06-02 00:00:00,Australian Map Grid Technical Manual. National Mapping Council of Australia Technical Publication 7; 1972.,EPSG,,
6203,Australian Geodetic Datum 1984,AGD84,,,7003,1995-06-02 00:00:00,,EPSG,,
6204,Ain el Abd 1970,Ain el Abd,,Fundamental Point: Ain El Abd.  Latitude: 28 deg  14 min 06.171 sec N; Longitude: 48 deg 16 min 20.906 sec E (of Greenwich).,7022,1995-06-02 00:00:00,,EPSG,,
6205,Afgooye,,,,7024,1995-06-02 00:00:00,,EPSG,,
6206,Agadez,,,,7011,1995-06-02 00:00:00,,EPSG,,
6207,Lisbon,,,Fundamental Point: Castelo Sao Jorge; Lisbon. Latitude: 38 deg 42 min 43.631 sec N; Longitude: 9 deg 07 min 54.862 sec W (of Greenwich).,7022,1995-06-02 00:00:00,Instituto Geografico e Cadastral; Lisbon,EPSG,,
6208,Aratu,,,,7022,1995-06-02 00:00:00,,EPSG,,
6209,Arc 1950,,,Fundamental Point: Buffelsfontein. Latitude: 33 deg 59 min 32.000 sec S; Longitude: 25 deg 30 min 44.622 sec E (of Greenwich).,7013,1995-06-02 00:00:00,,EPSG,,
6210,Arc 1960,,,Fundamental Point: Buffelsfontein. Latitude: 33 deg 59 min 32.000 sec S; Longitude: 25 deg 30 min 44.622 sec E (of Greenwich).,7012,1995-06-02 00:00:00,,EPSG,,
6211,Batavia,,,Fundamental Point: Batavia Astro. Station. Latitude: 6 deg  7 min 39.520 sec S; Longitude: 106 deg 48 min 27.790 sec E (of Greenwich).,7004,1995-06-02 00:00:00,,EPSG,,
6212,Barbados 1938,,,Fundamental point: HMS Challenger astro station M1; latitude 13 deg 04 min 32.53 sec N; longitude 59 deg 36 min 29.34 sec W (of Greenwich).,7012,1999-04-22 00:00:00,Ordnance Survey of Great Britain.,EPSG,,99.171
6213,Beduaram,,,,7011,1995-06-02 00:00:00,,EPSG,,
6214,Beijing 1954,,,,7024,1995-06-02 00:00:00,,EPSG,,
6215,Reseau National Belge 1950,Belge 1950,,Fundamental Point: Lommel (tower). Latitude: 51 deg 13 min 47.334 sec N; Longitude: 0 deg 56 min 44.773 sec E (of Brussels).,7022,1995-06-02 00:00:00,,EPSG,,
6216,Bermuda 1957,,,,7008,1995-06-02 00:00:00,,EPSG,,
6218,Bogota,,,Fundamental Point: Bogota observatory. Latitude: 4 deg 35 min 56.570 sec N; Longitude: 74 deg  4 min 51.300 sec W (of Greenwich).,7022,1995-06-02 00:00:00,,EPSG,,
6219,Bukit Rimpah,,,,7004,1995-06-02 00:00:00,,EPSG,,
6220,Camacupa,,,,7012,1995-06-02 00:00:00,,EPSG,,
6221,Campo Inchauspe,,,Fundamental Point: Campo Inchauspe. Latitude: 35 deg 58 min 17.000 sec S; Longitude: 62 deg 10 min 12.000 sec W (of Greenwich).,7022,1995-06-02 00:00:00,,EPSG,,
6222,Cape,,,Fundamental Point: Buffelsfontein. Latitude: 33 deg 59 min 32.000 sec S; Longitude: 25 deg 30 min 44.622 sec E (of Greenwich).,7013,1996-10-18 00:00:00,"Private Communication, Directorate of Surveys and Land Information, Cape Town.",EPSG,,96.25  99.69
6223,Carthage,,,,7011,1995-06-02 00:00:00,,EPSG,,
6224,Chua,,,Fundamental Point: Chua. Latitude: 19 deg 45 min 41.160 sec S; Longitude: 48 deg  6 min  7.560 sec W (of Greenwich).,7022,1995-06-02 00:00:00,,EPSG,,
6225,Corrego Alegre,,,Fundamental Point: Corrego Alegre. Latitude: 19 deg 50 min 15.140 sec S; Longitude: 48 deg 57 min 42.750 sec W (of Greenwich).,7022,1995-06-02 00:00:00,,EPSG,,
6226,Cote d'Ivoire,,,,7011,1995-06-02 00:00:00,,EPSG,,
6227,Deir ez Zor,,,Fundamental Point: Trig. 254 Deir. Latitude: 35 deg 21 min 49.975 sec N; Longitude: 40 deg  5 min 46.770 sec E (of Greenwich).,7011,1995-06-02 00:00:00,,EPSG,,
6228,Douala,,,,7011,1995-06-02 00:00:00,,EPSG,,
6229,Egypt 1907,,,Fundamental Point: Station F1. Latitude: 30 deg  1 min 42.860 sec N; Longitude: 31 deg 16 min 33.600 sec E (of Greenwich).,7020,1995-06-02 00:00:00,,EPSG,,
6230,European Datum 1950,ED50,,Fundamental Point: Potsdam (Helmert Tower). Latitude: 52 deg 22 min 51.450 sec N; Longitude: 13 deg  3 min 58.740 sec E (of Greenwich).,7022,1995-06-02 00:00:00,,EPSG,,
6231,European Datum 1987,ED87,,,7022,1995-06-02 00:00:00,,EPSG,,
6232,Fahud,,,Fundamental Point: Station NO68-024 Fahud. Latitude: 22 deg 17 min 31.182 sec N; Longitude: 56 deg 29 min 18.820 sec E (of Greenwich).,7012,1995-06-02 00:00:00,Petroleum Development Oman.,EPSG,Superseded by PSD93 (code 6134).,
6233,Gandajika 1970,,,,7022,1995-06-02 00:00:00,,EPSG,,
6234,Garoua,,,,7011,1995-06-02 00:00:00,,EPSG,,
6235,Guyane Francaise,,,,7022,1995-06-02 00:00:00,,EPSG,,
6236,Hu Tzu Shan,,,,7022,1995-06-02 00:00:00,,EPSG,,
6237,Hungarian Datum 1972,HD72,,"Fundamental Point: Szolohegy. Latitude: 47 deg 17 min 32,6156 sec N; Longitude 19 deg 36 min 09.9865 sec E; geoid height 6.56m.",7036,1996-10-18 00:00:00,http://lazarus.elte.hu/gb/geodez/geod3.htm,EPSG,,96.09
6238,Indonesian Datum 1974,ID74,,Fundamental Point: Padang. Latitude: 0 deg 56 min 38.414 sec S; Longitude: 100 deg 22 min  8.804 sec E (of Greenwich).,7021,1995-06-02 00:00:00,,EPSG,,
6239,Indian 1954,,,Fundamental Point: Kalianpur. Latitude: 24 deg  07 min 11.260 sec N; Longitude: 77 deg 39 min 17.570 sec E (of Greenwich).,7015,1995-06-02 00:00:00,,EPSG,,
6240,Indian 1975,,,Fundamental Point: Khau Sakaerang,7015,1995-06-02 00:00:00,,EPSG,,
6241,Jamaica 1875,,,Fundamental Point: Fort Charles Flagstaff. Latitude: 17 deg 55 min 55.800 sec N; Longitude: 76 deg 56 min 37.260 sec W (of Greenwich).,7034,1995-06-02 00:00:00,,EPSG,,
6242,Jamaica 1969,JAD69,,Fundamental Point: Fort Charles Flagstaff. Latitude: 17 deg 55 min 55.800 sec N; Longitude: 76 deg 56 min 37.260 sec W (of Greenwich).,7008,1995-06-02 00:00:00,,EPSG,,
6243,Kalianpur 1880,,,Fundamental Point: Kalianpur. Latitude: 24 deg  07 min 11.260 sec N; Longitude: 77 deg 39 min 17.570 sec E (of Greenwich).,7042,1999-10-20 00:00:00,"G. Bomford; \"The Re-adjustment of the Indian Triangulation\"; Survey of India Professional Paper 28; 1939.",EPSG,Includes 1916 extrension into Burma (Myanmar).  Superseded by 1937 adjustment.,97.23
6244,Kandawala,,,,7015,1995-06-02 00:00:00,,EPSG,,
6245,Kertau,,,Fundamental Point: Kertau. Latitude: 3 deg 27 min 50.710 sec N; Longitude: 102 deg 37 min 24.550 sec E (of Greenwich).,7018,1995-06-02 00:00:00,,EPSG,,
6246,Kuwait Oil Company,KOC,,,7012,1995-06-02 00:00:00,,EPSG,,
6247,La Canoa,,,Fundamental Point: La Canoa. Latitude: 8 deg 34 min 17.170 sec N; Longitude: 63 deg 51 min 34.880 sec W (of Greenwich).,7022,1995-06-02 00:00:00,,EPSG,Origin also adopted for PSAD56.,
6248,Provisional South American Datum 1956,PSAD56,,Fundamental Point: La Canoa. Latitude: 8 deg 34 min 17.170 sec N; Longitude: 63 deg 51 min 34.880 sec W (of Greenwich).,7022,1995-06-02 00:00:00,,EPSG,Same origin as La Canoa datum.,
6249,Lake,,,Fundamental Point: Maracaibo Cathedral. Latitude: 10 deg 38 min 34.678 sec N; Longitude: 71 deg 36 min 20.224 sec W (of Greenwich).,7022,1995-06-02 00:00:00,,EPSG,,
6250,Leigon,,,Fundamental Point: GCS Station 121. Latitude: 5 deg 38 min 52.270 sec N; Longitude: 0 deg 11 min 46.080 sec W (of Greenwich).,7012,1995-06-02 00:00:00,,EPSG,,
6251,Liberia 1964,,,,7012,1995-06-02 00:00:00,,EPSG,,
6252,Lome,,,,7011,1995-06-02 00:00:00,,EPSG,,
6253,Luzon 1911,,,Fundamental Point: Balacan. Latitude: 13 deg 33 min 41.000 sec N; Longitude: 121 deg 52 min  03.000 sec E (of Greenwich).,7008,1995-06-02 00:00:00,,EPSG,,
6254,Hito XVIII 1963,,,,7022,1995-06-02 00:00:00,,EPSG,,
6255,Herat North,,,,7022,1995-06-02 00:00:00,,EPSG,,
6256,Mahe 1971,,,Fundamental Point: Mahe,7012,1995-06-02 00:00:00,,EPSG,,
6257,Makassar,,,Fundamental Point: Moncongloe,7004,1995-06-02 00:00:00,,EPSG,,
6258,European Terrestrial Reference Frame 89,ETRF89,,,7019,1999-04-22 00:00:00,,EPSG,Coincides with WGS84 at the one metre level.,97.11  97.55  99.111
6259,Malongo 1987,,,Fundamental Point: Station Y at Malongo base camp. Latitude: 5 deg 23 min 34.327 sec S; Longitude: 12 deg 12 min  02.393 sec E (of Greenwich).,7022,1995-06-02 00:00:00,Chevron Petroleum Technology.,EPSG,Offshore extension of Mhast datum (6264) using Transit translocation.,
6260,Manoca,,,,7012,1995-06-02 00:00:00,,EPSG,,
6261,Merchich,,,,7011,1995-06-02 00:00:00,,EPSG,,
6262,Massawa,,,,7004,1995-06-02 00:00:00,,EPSG,,
6263,Minna,,,Fundamental Point: Minna base station L40. Latitude: 9 deg 38 min  09.000 sec N; Longitude: 6 deg 30 min 59.000 sec E (of Greenwich).,7012,1995-06-02 00:00:00,,EPSG,,
6264,Mhast,,,,7022,1995-06-02 00:00:00,,EPSG,,
6265,Monte Mario,,,Fundamental Point: Monte Mario. Latitude: 41 deg 55 min 25.510 sec N; Longitude: 0 deg  00 min  00.000 sec E (of Rome).,7022,1995-06-02 00:00:00,,EPSG,,
6266,M'poraloko,,,,7011,1995-06-02 00:00:00,,EPSG,,
6267,North American Datum 1927,NAD27,,Fundamental Point: Meade's Ranch. Latitude: 39 deg 13 min 26.686 sec N; Longitude: 98 deg 32 min 30.506 sec W (of Greenwich).,7008,1995-06-02 00:00:00,,EPSG,,
6268,NAD Michigan,,,Fundamental Point: Meade's Ranch. Latitude: 39 deg 13 min 26.686 sec N; Longitude: 98 deg 32 min 30.506 sec W (of Greenwich).,7009,1995-06-02 00:00:00,,EPSG,,
6269,North American Datum 1983,NAD83,,Origin at geocentre.,7019,1995-06-02 00:00:00,,EPSG,,
6270,Nahrwan 1967,,,Fundamental point: Nahrwan south base.  Latitude: 33 deg 19 min 10.87 sec N; Longitude: 44 deg 43 min 25.54 sec E (of Greenwich).,7012,1995-06-02 00:00:00,,EPSG,,
6271,Naparima 1972,,,Fundamental Point: Naparima. Latitude: 10 deg 16 min 44.860 sec N; Longitude: 61 deg 27 min 34.620 sec W (of Greenwich).,7022,1995-06-02 00:00:00,,EPSG,,
6272,New Zealand Geodetic Datum 1949,GD49,,Fundamental Point: Papatahi. Latitude: 41 deg 19 min  8.900 sec S; Longitude: 175 deg  02 min 51.000 sec E (of Greenwich).,7022,1995-06-02 00:00:00,,EPSG,,
6273,NGO 1948,,,,7005,1995-06-02 00:00:00,,EPSG,,
6274,Datum 73,,,Fundamental Point:  Latitude: 39 deg 41 min 37.30 sec N; Longitude: 8 deg 07 min 53.31 sec W (of Greenwich).,7022,1995-06-02 00:00:00,Instituto Geografico e Cadastral; Lisbon,EPSG,,
6275,Nouvelle Triangulation Francaise,NTF,,Fundamental Point: Pantheon,7011,1995-06-02 00:00:00,,EPSG,,
6276,NSWC 9Z-2,,,,7025,1995-06-02 00:00:00,,EPSG,Transit precise ephemeris before 1991.,
6277,OSGB 1936,,,Fundamental Point: Herstmonceux. Latitude: 50 deg 51 min 55.271 sec N; Longitude: 0 deg 20 min 45.882 sec E (of Greenwich).,7001,1995-06-02 00:00:00,,EPSG,,
6278,OSGB 1970 (SN),OSGB70,,Fundamental Point: Herstmonceux. Latitude: 50 deg 51 min 55.271 sec N; Longitude: 0 deg 20 min 45.882 sec E (of Greenwich).,7001,1995-06-02 00:00:00,,EPSG,,
6279,OS (SN) 1980,OS(SN)80,,Fundamental Point: Herstmonceux. Latitude: 50 deg 51 min 55.271 sec N; Longitude: 0 deg 20 min 45.882 sec E (of Greenwich).,7001,1995-06-02 00:00:00,,EPSG,,
6280,Padang 1884,Padang,,Fundamental Point: Padang,7004,1995-06-02 00:00:00,,EPSG,,
6281,Palestine 1923,,,Fundamental Point: Point 82'M  Jerusalem. Latitude: 31 deg 44 min  2.749 sec N; Longitude: 35 deg 12 min 43.490 sec E (of Greenwich).,7010,1995-06-02 00:00:00,,EPSG,,
6282,Pointe Noire,,,Fundamental Point: Point Noire Astro. Latitude: 4 deg 47 min  0.100 sec S; Longitude: 11 deg 51 min  1.550 sec E (of Greenwich).,7011,1995-06-02 00:00:00,,EPSG,,
6283,Geocentric Datum of Australia 1994,GDA94,,,7019,1995-06-02 00:00:00,Australian Surveying and Land Information Group Internet WWW page.,EPSG,Coincident with WGS84 to within 1 metre.,
6284,Pulkovo 1942,,,Fundamental Point: Pulkovo observatory. Latitude: 59 deg 46 min 18.550 sec N; Longitude: 30 deg 19 min 42.090 sec E (of Greenwich).,7024,1995-06-02 00:00:00,,EPSG,,
6285,Qatar,,,Fundamental Point: Station G3,7022,1995-06-02 00:00:00,,EPSG,,
6286,Qatar 1948,,,Fundamental Point: Sokey 0 M. Latitude: 25 deg 22 min 56.500 sec N; Longitude: 50 deg 45 min 41.000 sec E (of Greenwich).,7020,1995-06-02 00:00:00,,EPSG,,
6287,Qornoq,,,,7022,1995-06-02 00:00:00,,EPSG,,
6288,Loma Quintana,,,Fundamental Point: Loma Quintana,7022,1995-06-02 00:00:00,,EPSG,,
6289,Amersfoort,,,Fundamental Point: Amersfoort. Latitude: 52 deg  09 min 22.178 sec N; Longitude: 5 deg 23 min 15.478 sec E (of Greenwich).,7004,1995-06-02 00:00:00,,EPSG,,
6291,South American Datum 1969,SAD69,,,7036,1996-10-18 00:00:00,,EPSG,SAD69 uses GRS67 ellipsoid with 1/f to exactly 2 decimal places.  Precision of ellipsoid entry increased from 2 to 5 dp with change id 97.252.  Error introduced if not using the truncated precision is 0 to 31mm.,96.09  97.252
6292,Sapper Hill 1943,,,,7022,1995-06-02 00:00:00,,EPSG,,
6293,Schwarzeck,,,,7006,1995-06-02 00:00:00,,EPSG,,
6294,Segora,,,,7004,1995-06-02 00:00:00,,EPSG,,
6295,Serindung,,,,7004,1995-06-02 00:00:00,,EPSG,,
6296,Sudan,,,,7011,1995-06-02 00:00:00,,EPSG,,
6297,Tananarive 1925,Tananarive,,Fundamental Point: Tananarive observatory. Latitude: 18 deg 55 min  2.100 sec S; Longitude: 45 deg 12 min 52.800 sec E (of Greenwich).,7022,1995-06-02 00:00:00,,EPSG,,
6298,Timbalai 1948,,,Fundamental Point: Timbalai. Latitude: 5 deg 17 min  3.548 sec N; Longitude: 115 deg 10 min 56.409 sec E (of Greenwich).,7016,1995-06-02 00:00:00,,EPSG,,
6299,TM65,,,,7002,1995-06-02 00:00:00,,EPSG,,
6300,TM75,,,,7002,1995-06-02 00:00:00,,EPSG,,
6301,Tokyo,,,Fundamental Point: Nikon-Keido-Genten. Latitude: 35 deg 39 min 17.5148 sec N; Longitude: 139 deg 44 min 40.5020 sec E (of Greenwich).,7004,1995-06-02 00:00:00,Geographic Survey Institute; Japan; Bulletin 40 (March 1994).  Also http://vldb.gsi-mc.go.jp/sokuchi/datum/tokyodatum.html,EPSG,,98.46
6302,Trinidad 1903,,,,7007,1995-06-02 00:00:00,,EPSG,,
6303,Trucial Coast 1948,TC(1948),,Fundamental Point: TC1. Latitude: 25 deg 23 min 50.190 sec N; Longitude: 55 deg 26 min 43.950 sec E (of Greenwich).,7020,1995-06-02 00:00:00,,EPSG,,
6304,Voirol 1875,,,Fundamental Point: Voirol. Latitude: 40.835864 grads N; Longitude: 0.788735 grads E of Paris.,7011,1995-06-02 00:00:00,IGN Paris,EPSG,,
6305,Voirol Unifie 1960,Voirol Unifie,,,7012,1999-10-20 00:00:00,"\"Le System Geodesique Nord-Sahara\"; IGN Paris",EPSG,Conformal transformation from ED50. Used only with Lambert Algeria zones: in other cases use Nord Sahara 1959 geodetic datum.,99.62
6306,Bern 1938,,,Fundamental Point: Old Bern observatory. Latitude: 46 deg 57 min  7.890 sec N; Longitude: 7 deg 26 min 22.335 sec E (of Greenwich).,7004,1995-06-02 00:00:00,"\"Die Projektionen der schweizerischen Plan- und Kartenwerke\"; J. Bolliger 1967",EPSG,This redetermination of the coordinates of fundamental point is used for scientific purposes and as the graticule overprinted on topographic maps constructed on the CH1903 / LV03 projected CS (code 21781).,
6307,Nord Sahara 1959,,,,7012,1999-10-20 00:00:00,"\"Le System Geodesique Nord-Sahara\"; IGN Paris",EPSG,Conformal transformation from ED50.,99.62
6308,Stockholm 1938,RT38,,Fundamental Point: Stockholm observatory,7004,1996-04-12 00:00:00,,EPSG,Superseded by RT90 adjustment (datum code 6124),
6309,Yacare,,,,7022,1995-06-02 00:00:00,,EPSG,,
6310,Yoff,,,,7011,1995-06-02 00:00:00,,EPSG,,
6311,Zanderij,,,,7022,1995-06-02 00:00:00,,EPSG,,
6312,Militar-Geographische Institut,MGI,,Fundamental Point: Hermannskogel. Latitude: 48 deg 16 min 15.29 sec N; Longitude: 16 deg 17 min 41.06 sec E (of Greenwich).,7004,1995-06-02 00:00:00,Bundesamt fur Eich- und Vermessungswesen; Wien,EPSG,,
6313,Reseau National Belge 1972,Belge 1972,,Fundamental Point: Uccle observatory. Latitude: 50 deg 47 min 57.704 sec N; Longitude: 4 deg 21 min 24.983 sec E (of Greenwich).,7022,1995-06-02 00:00:00,,EPSG,,
6314,Deutsche Hauptdreiecksnetz,DHDN,,Fundamental Point: Potsdam. Latitude: 52 deg 22 min 53.954 sec N; Longitude: 13 deg 04 min 01.153 sec E (of Greenwich).,7004,1995-06-02 00:00:00,,EPSG,,
6315,Conakry 1905,,,Fundamental Point: Conakry. Latitude: 10.573766g N; Longitude: 17.833682g W (of Paris).,7011,1995-06-02 00:00:00,,EPSG,,
6316,Dealul Piscului 1933,,,Fundamental point: latitude 44 deg 24 min 33.9606 sec N; longitude 26 deg 06 min 44.8772 sec E (of Greenwich).,7022,1996-04-12 00:00:00,Institute for Geodesy Photogrametry and Land Management,EPSG,Superseded by 1970 adjustment (datum code 6317),
6317,Dealul Piscului 1970,,,Fundamental point: latitude 44 deg 24 min 23.7709 sec N; longitude 26deg 06 min 44.1265 sec E (of Greenwich).,7024,1996-04-12 00:00:00,Institute for Geodesy Photogrametry and Land Management,EPSG,Supersedes 1933 adjustment (datum code 6316),
6318,National Geodetic Network,NGN,,,7030,1996-04-12 00:00:00,,EPSG,,
6319,Kuwait Utility,KUDAMS,,,7019,1996-04-12 00:00:00,,EPSG,,
6322,World Geodetic System 1972,WGS 72,,,7043,1999-04-22 00:00:00,,EPSG,"Used by GPS before 1987. For Transit satellite positioning see also WGS 72BE.                                                                                                                  \
Datum code 6323 reserved for southern hemisphere ProjCS's.",99.03
6324,WGS 72 Transit Broadcast Ephemeris,WGS 72BE,,,7043,1999-04-22 00:00:00,,EPSG,Alleged datum for use with Transit broadcast ephemeris prior to 1989. Relationship to WGS 72 has changed over time.  Datum code 6325 reserved for southern hemisphere ProjCS's.,99.03
6326,World Geodetic System 1984,WGS 84,,Origin at geocentre.,7030,1995-06-02 00:00:00,,EPSG,Datum code 6327 reserved for southern hemisphere ProjCS's,
6600,Anguilla 1957,,,Fundamental point: station A4.,7012,1999-04-22 00:00:00,Ordnance Survey of Great Britain.,EPSG,,
6601,Antigua 1943,,,Fundamental point: station A14.,7012,1999-04-22 00:00:00,Ordnance Survey of Great Britain.,EPSG,,
6602,Dominica 1945,,,Fundamental point: station M12.,7012,1999-04-22 00:00:00,Ordnance Survey of Great Britain.,EPSG,,
6603,Grenada 1953,,,Fundamental point: station GS8.,7012,1999-04-22 00:00:00,Ordnance Survey of Great Britain.,EPSG,,
6604,Montserrat 1958,,,Fundamental point: station M36.,7012,1999-04-22 00:00:00,Ordnance Survey of Great Britain.,EPSG,,
6605,St. Kitts 1955,,,Fundamental point: station K12.,7012,1999-04-22 00:00:00,Ordnance Survey of Great Britain.,EPSG,,
6606,St. Lucia 1955,,,Fundamental point: station DCS3.,7012,1999-04-22 00:00:00,Ordnance Survey of Great Britain.,EPSG,,
6607,St. Vincent 1945,,,Fundamental point: station V1.,7012,1999-04-22 00:00:00,Ordnance Survey of Great Britain.,EPSG,,
6608,North American Datum 1927 (1976),NAD27(76),,Fundamental Point: Meade's Ranch. Latitude: 39 deg 13 min 26.686 sec N; Longitude: 98 deg 32 min 30.506 sec W (of Greenwich).,7008,1999-05-12 00:00:00,Geodetic Survey of Canada.,EPSG,NAD27(76) used in Ontario for all maps at scale 1/20 000 and larger; elsewhere in Canada for selected purposes.,
6609,North American Datum 1927 (CGQ77),CGQ77,,Fundamental Point: Meade's Ranch. Latitude: 39 deg 13 min 26.686 sec N; Longitude: 98 deg 32 min 30.506 sec W (of Greenwich).,7008,1999-05-12 00:00:00,Geodetic Service of Quebec.  Contact alain.bernard@mrn.gouv.qc.ca,EPSG,NAD27 (CGQ77) used in Quebec for all maps at scale 1/20 000 and larger; generally for maps issued by the Quebec cartography office whose reference system is CGQ77.,
6901,Ancienne Triangulation Francaise,ATF,,,7027,1995-06-02 00:00:00,,EPSG,,
6902,Nord de Guerre,NDG,,,7027,1995-06-02 00:00:00,,EPSG,,
6903,Madrid 1870,,,Fundamental point: Madrid observatory.,7028,1998-11-11 00:00:00,Institut de Geomatica; Barcelona,EPSG,,
